SET FOREIGN_KEY_CHECKS = 0;

TRUNCATE TABLE StockRequest;
TRUNCATE TABLE LOG;
TRUNCATE TABLE Inventory;
TRUNCATE TABLE Staff;
TRUNCATE TABLE Storage;
TRUNCATE TABLE Retailer;
TRUNCATE TABLE Transfer;
TRUNCATE TABLE Warehouse;
TRUNCATE TABLE Purchase;
TRUNCATE TABLE Product;
TRUNCATE TABLE Supplier;

SET FOREIGN_KEY_CHECKS = 1;

DROP TABLE IF EXISTS StockRequest;
DROP TABLE IF EXISTS LOG;
DROP TABLE IF EXISTS Inventory;
DROP TABLE IF EXISTS Staff;
DROP TABLE IF EXISTS Storage;
DROP TABLE IF EXISTS Retailer;
DROP TABLE IF EXISTS Transfer;
DROP TABLE IF EXISTS Warehouse;
DROP TABLE IF EXISTS Purchase;
DROP TABLE IF EXISTS Product;
DROP TABLE IF EXISTS Supplier;


CREATE TABLE Retailer
(
    RetailerID      VARCHAR(10)  NOT NULL,
    RetailerName    VARCHAR(100) NOT NULL,
    RetailerAddress VARCHAR(100) NOT NULL,
    RetailerPhone   VARCHAR(20)  NOT NULL,
    RetailerEmail   VARCHAR(100) NOT NULL,
    PRIMARY KEY (RetailerID)
);

CREATE TABLE Warehouse
(
    WarehouseID   VARCHAR(10)  NOT NULL,
    WarehouseName VARCHAR(100) NOT NULL,
    WarehouseAddress VARCHAR(100) NOT NULL,
    WarehousePhone VARCHAR(20)  NOT NULL,
    WarehouseEmail VARCHAR(100) NOT NULL,
    PRIMARY KEY (WarehouseID)
);

CREATE TABLE Staff
(
    StaffID        VARCHAR(10)   NOT NULL,
    StaffUsername  VARCHAR(20)   NOT NULL,
    Password       VARCHAR(100)  NOT NULL,
    StaffIC        VARCHAR(20)   NOT NULL,
    StaffName      VARCHAR(100)  NOT NULL,
    StaffAge       DECIMAL(3)    NOT NULL,
    StaffHireDate  DATE          NOT NULL,
    StaffBirthDate DATE          NOT NULL,
    StaffSalary    DECIMAL(7, 2) NOT NULL,
    StaffEmail     VARCHAR(100)  NOT NULL,
    StaffPhone     VARCHAR(20)   NOT NULL,
    StaffAddress   VARCHAR(100)  NOT NULL,
    AdminPrivilege DECIMAL(1),
    WarehouseID    VARCHAR(10) NOT NULL,
    PRIMARY KEY (StaffID),
    FOREIGN KEY (WarehouseID) REFERENCES Warehouse (WarehouseID)
);


CREATE TABLE Product
(
    ProductUPC       INT            NOT NULL AUTO_INCREMENT,
    ProductName      VARCHAR(100)   NOT NULL,
    ProductDesc      VARCHAR(200)   NOT NULL,
    ProductCategory  VARCHAR(100)   NOT NULL,
    ProductPrice     DECIMAL(10, 2) NOT NULL,
    ProductWeight    DECIMAL(10, 2) NOT NULL,
    ProductWidth     DECIMAL(10, 2) NOT NULL,
    ProductLength    DECIMAL(10, 2) NOT NULL,
    ProductHeight    DECIMAL(10, 2) NOT NULL,
    ProductUpdatedAt TIMESTAMP      NOT NULL,
    PRIMARY KEY (ProductUPC)
);

CREATE TABLE Transfer
(
    TransferID     VARCHAR(10)  NOT NULL,
    FromWarehouse  VARCHAR(10)  NOT NULL,
    ToWarehouse    VARCHAR(10)  NOT NULL,
    ProductUPC      INT  NOT NULL,
    Quantity       DECIMAL(10)  NOT NULL,
    TransferDate   DATE         NOT NULL,
    PRIMARY KEY (TransferID),
    FOREIGN KEY (FromWarehouse) REFERENCES Warehouse (WarehouseID),
    FOREIGN KEY (ToWarehouse) REFERENCES Warehouse (WarehouseID),
    FOREIGN KEY (ProductUPC) REFERENCES Product (ProductUPC)
);

CREATE TABLE LOG
(
    Time    TIMESTAMP   NOT NULL,
    StaffID VARCHAR(10) NOT NULL,
    PRIMARY KEY (Time),
    FOREIGN KEY (StaffID) REFERENCES Staff (StaffID)
);

CREATE TABLE Supplier
(
    SupplierID      VARCHAR(10)  NOT NULL,
    SupplierName    VARCHAR(100) NOT NULL,
    SupplierAddress VARCHAR(100) NOT NULL,
    SupplierPhone   VARCHAR(20)  NOT NULL,
    SupplierEmail   VARCHAR(100) NOT NULL,
    PRIMARY KEY (SupplierID)
);

CREATE TABLE Purchase
(
    PurchaseID   VARCHAR(10)    NOT NULL,
    PurchaseDate DATE           NOT NULL,
    ProductUPC   INT    NOT NULL,
    ItemQuantity DECIMAL(10)    NOT NULL,
    ItemPrice    DECIMAL(10, 2) NOT NULL,
    SupplierID   VARCHAR(10)    NOT NULL,
    PRIMARY KEY (PurchaseID),
    FOREIGN KEY (ProductUPC) REFERENCES Product (ProductUPC),
    FOREIGN KEY (SupplierID) REFERENCES Supplier (SupplierID)
);

CREATE TABLE Inventory
(
    InventoryID   VARCHAR(10)  NOT NULL,
    ProductUPC    INT  NOT NULL,
    Quantity      DECIMAL(10)  NOT NULL,
    Price         DECIMAL(10,2)  NOT NULL,
    SupplierID    VARCHAR(10),
    RetailerID    VARCHAR(10),
    WarehouseID   VARCHAR(10),
    InventoryType VARCHAR(100) NOT NULL,
    InventoryTime TIMESTAMP    NOT NULL,
    remarks       VARCHAR(200),
    receivedBy    VARCHAR(100),
    PRIMARY KEY (InventoryID),
    FOREIGN KEY (ProductUPC) REFERENCES Product (ProductUPC),
    FOREIGN KEY (receivedBy) REFERENCES Staff (StaffID),
    FOREIGN KEY (SupplierID) REFERENCES Supplier (SupplierID),
    FOREIGN KEY (RetailerID) REFERENCES Retailer (RetailerID),
    FOREIGN KEY (WarehouseID) REFERENCES Warehouse (WarehouseID)
);

CREATE TABLE Storage
(
    StorageID   VARCHAR(10) NOT NULL,
    RetailerID  VARCHAR(10),
    ProductUPC  INT NOT NULL,
    WarehouseID VARCHAR(10),
    Quantity    DECIMAL(10) NOT NULL,
    PRIMARY KEY (StorageID),
    FOREIGN KEY (ProductUPC) REFERENCES Product (ProductUPC),
    FOREIGN KEY (RetailerID) REFERENCES Retailer (RetailerID),
    FOREIGN KEY (WarehouseID) REFERENCES Warehouse (WarehouseID)
);

CREATE TABLE StockRequest
(
    RequestID   VARCHAR(10)  NOT NULL,
    ProductUPC      INT  NOT NULL,
    Quantity INT NOT NULL,
    requestedBy VARCHAR(10) NOT NULL,
    warehouseID VARCHAR(10) NOT NULL,
    requestDate DATE NOT NULL,
    PRIMARY KEY (RequestID),
    FOREIGN KEY (ProductUPC) REFERENCES Product (ProductUPC),
    FOREIGN KEY (warehouseID) REFERENCES Warehouse (WarehouseID),
    FOREIGN KEY (requestedBy) REFERENCES Staff (StaffID)
);

INSERT INTO Retailer (RetailerID, RetailerName, RetailerAddress, RetailerPhone, RetailerEmail)
VALUES
    ('R001', 'Retailer Sunrise', '123 Palm St', '012-3456781', 'retailer001@gmail.com'),
    ('R002', 'Retailer Horizon', '456 Oak Ave', '012-3456782', 'retailer002@gmail.com'),
    ('R003', 'Retailer Galaxy', '789 Maple Blvd', '012-3456783', 'retailer003@gmail.com'),
    ('R004', 'Retailer Zenith', '321 Pine Rd', '012-3456784', 'retailer004@gmail.com'),
    ('R005', 'Retailer Stardust', '654 Cedar Ln', '012-3456785', 'retailer005@gmail.com'),
    ('R006', 'Retailer Nova', '987 Elm St', '012-3456786', 'retailer006@gmail.com'),
    ('R007', 'Retailer Eclipse', '234 Willow Dr', '012-3456787', 'retailer007@gmail.com'),
    ('R008', 'Retailer Comet', '345 Birch St', '012-3456788', 'retailer008@gmail.com'),
    ('R009', 'Retailer Aurora', '456 Redwood Rd', '012-3456789', 'retailer009@gmail.com'),
    ('R010', 'Retailer Meteor', '567 Spruce Ave', '012-3456790', 'retailer010@gmail.com'),
    ('R011', 'Retailer Nebula', '678 Cypress Ln', '012-3456791', 'retailer011@gmail.com'),
    ('R012', 'Retailer Pulsar', '789 Fir St', '012-3456792', 'retailer012@gmail.com'),
    ('R013', 'Retailer Vortex', '891 Pinecone Ave', '012-3456793', 'retailer013@gmail.com'),
    ('R014', 'Retailer Odyssey', '123 Maple Way', '012-3456794', 'retailer014@gmail.com'),
    ('R015', 'Retailer Radiance', '234 Elm St', '012-3456795', 'retailer015@gmail.com'),
    ('R016', 'Retailer Quasar', '345 Willow Blvd', '012-3456796', 'retailer016@gmail.com'),
    ('R017', 'Retailer Eclipse', '456 Palm Dr', '012-3456797', 'retailer017@gmail.com'),
    ('R018', 'Retailer Starlight', '567 Cedar Ave', '012-3456798', 'retailer018@gmail.com'),
    ('R019', 'Retailer Gravity', '678 Oak Rd', '012-3456799', 'retailer019@gmail.com'),
    ('R020', 'Retailer Cosmos', '789 Redwood St', '012-3456800', 'retailer020@gmail.com'),
    ('R021', 'Retailer Horizon', '123 Spruce Ln', '012-3456801', 'retailer021@gmail.com'),
    ('R022', 'Retailer Comet', '234 Cypress Rd', '012-3456802', 'retailer022@gmail.com'),
    ('R023', 'Retailer Aurora', '345 Fir Ave', '012-3456803', 'retailer023@gmail.com'),
    ('R024', 'Retailer Nebula', '456 Pinecone Dr', '012-3456804', 'retailer024@gmail.com'),
    ('R025', 'Retailer Zenith', '567 Maple St', '012-3456805', 'retailer025@gmail.com'),
    ('R026', 'Retailer Meteor', '678 Cedar Ln', '012-3456806', 'retailer026@gmail.com'),
    ('R027', 'Retailer Radiance', '789 Willow Blvd', '012-3456807', 'retailer027@gmail.com'),
    ('R028', 'Retailer Pulsar', '891 Oak Ave', '012-3456808', 'retailer028@gmail.com'),
    ('R029', 'Retailer Gravity', '123 Redwood Rd', '012-3456809', 'retailer029@gmail.com'),
    ('R030', 'Retailer Stardust', '234 Spruce Ln', '012-3456810', 'retailer030@gmail.com'),
    ('R031', 'Retailer Nova', '345 Cypress St', '012-3456811', 'retailer031@gmail.com'),
    ('R032', 'Retailer Vortex', '456 Fir Blvd', '012-3456812', 'retailer032@gmail.com'),
    ('R033', 'Retailer Eclipse', '567 Pinecone Ave', '012-3456813', 'retailer033@gmail.com'),
    ('R034', 'Retailer Starlight', '678 Maple Rd', '012-3456814', 'retailer034@gmail.com'),
    ('R035', 'Retailer Cosmos', '789 Cedar St', '012-3456815', 'retailer035@gmail.com'),
    ('R036', 'Retailer Aurora', '891 Willow Dr', '012-3456816', 'retailer036@gmail.com'),
    ('R037', 'Retailer Horizon', '123 Oak Ln', '012-3456817', 'retailer037@gmail.com'),
    ('R038', 'Retailer Comet', '234 Redwood Ave', '012-3456818', 'retailer038@gmail.com'),
    ('R039', 'Retailer Zenith', '345 Spruce Blvd', '012-3456819', 'retailer039@gmail.com'),
    ('R040', 'Retailer Nebula', '456 Cypress Rd', '012-3456820', 'retailer040@gmail.com'),
    ('R041', 'Retailer Meteor', '567 Fir St', '012-3456821', 'retailer041@gmail.com'),
    ('R042', 'Retailer Quasar', '678 Pinecone Blvd', '012-3456822', 'retailer042@gmail.com'),
    ('R043', 'Retailer Odyssey', '789 Maple Ave', '012-3456823', 'retailer043@gmail.com'),
    ('R044', 'Retailer Radiance', '891 Cedar Rd', '012-3456824', 'retailer044@gmail.com'),
    ('R045', 'Retailer Pulsar', '123 Willow St', '012-3456825', 'retailer045@gmail.com'),
    ('R046', 'Retailer Cosmos', '234 Oak Blvd', '012-3456826', 'retailer046@gmail.com'),
    ('R047', 'Retailer Gravity', '345 Redwood Dr', '012-3456827', 'retailer047@gmail.com'),
    ('R048', 'Retailer Stardust', '456 Spruce Ln', '012-3456828', 'retailer048@gmail.com'),
    ('R049', 'Retailer Nova', '567 Cypress St', '012-3456829', 'retailer049@gmail.com'),
    ('R050', 'Retailer Vortex', '678 Fir Ave', '012-3456830', 'retailer050@gmail.com'),
    ('R051', 'Retailer Eclipse', '789 Pinecone Rd', '012-3456831', 'retailer051@gmail.com'),
    ('R052', 'Retailer Starlight', '891 Maple Blvd', '012-3456832', 'retailer052@gmail.com'),
    ('R053', 'Retailer Cosmos', '123 Cedar Ave', '012-3456833', 'retailer053@gmail.com'),
    ('R054', 'Retailer Horizon', '234 Willow Ln', '012-3456834', 'retailer054@gmail.com'),
    ('R055', 'Retailer Comet', '345 Oak St', '012-3456835', 'retailer055@gmail.com'),
    ('R056', 'Retailer Aurora', '456 Redwood Blvd', '012-3456836', 'retailer056@gmail.com'),
    ('R057', 'Retailer Zenith', '567 Spruce Dr', '012-3456837', 'retailer057@gmail.com'),
    ('R058', 'Retailer Nebula', '678 Cypress Rd', '012-3456838', 'retailer058@gmail.com'),
    ('R059', 'Retailer Meteor', '789 Fir Ln', '012-3456839', 'retailer059@gmail.com'),
    ('R060', 'Retailer Quasar', '891 Pinecone St', '012-3456840', 'retailer060@gmail.com'),
    ('R061', 'Retailer Odyssey', '123 Maple Blvd', '012-3456841', 'retailer061@gmail.com'),
    ('R062', 'Retailer Radiance', '234 Cedar Ln', '012-3456842', 'retailer062@gmail.com'),
    ('R063', 'Retailer Pulsar', '345 Willow Ave', '012-3456843', 'retailer063@gmail.com'),
    ('R064', 'Retailer Gravity', '456 Oak Rd', '012-3456844', 'retailer064@gmail.com'),
    ('R065', 'Retailer Stardust', '567 Redwood St', '012-3456845', 'retailer065@gmail.com'),
    ('R066', 'Retailer Nova', '678 Spruce Blvd', '012-3456846', 'retailer066@gmail.com'),
    ('R067', 'Retailer Vortex', '789 Cypress Rd', '012-3456847', 'retailer067@gmail.com'),
    ('R068', 'Retailer Eclipse', '891 Fir Dr', '012-3456848', 'retailer068@gmail.com'),
    ('R069', 'Retailer Starlight', '123 Pinecone Ln', '012-3456849', 'retailer069@gmail.com'),
    ('R070', 'Retailer Cosmos', '234 Maple St', '012-3456850', 'retailer070@gmail.com'),
    ('R071', 'Retailer Horizon', '345 Cedar Blvd', '012-3456851', 'retailer071@gmail.com'),
    ('R072', 'Retailer Comet', '456 Willow Rd', '012-3456852', 'retailer072@gmail.com'),
    ('R073', 'Retailer Aurora', '567 Oak Ave', '012-3456853', 'retailer073@gmail.com'),
    ('R074', 'Retailer Zenith', '678 Redwood Ln', '012-3456854', 'retailer074@gmail.com'),
    ('R075', 'Retailer Nebula', '789 Spruce St', '012-3456855', 'retailer075@gmail.com'),
    ('R076', 'Retailer Meteor', '891 Cypress Dr', '012-3456856', 'retailer076@gmail.com'),
    ('R077', 'Retailer Quasar', '123 Fir Blvd', '012-3456857', 'retailer077@gmail.com'),
    ('R078', 'Retailer Odyssey', '234 Pinecone Rd', '012-3456858', 'retailer078@gmail.com'),
    ('R079', 'Retailer Radiance', '345 Maple Ln', '012-3456859', 'retailer079@gmail.com'),
    ('R080', 'Retailer Pulsar', '456 Cedar Blvd', '012-3456860', 'retailer080@gmail.com'),
    ('R081', 'Retailer Cosmos', '567 Willow St', '012-3456861', 'retailer081@gmail.com'),
    ('R082', 'Retailer Gravity', '678 Oak Ave', '012-3456862', 'retailer082@gmail.com'),
    ('R083', 'Retailer Stardust', '789 Redwood Rd', '012-3456863', 'retailer083@gmail.com'),
    ('R084', 'Retailer Nova', '891 Spruce Ln', '012-3456864', 'retailer084@gmail.com'),
    ('R085', 'Retailer Vortex', '123 Cypress Ave', '012-3456865', 'retailer085@gmail.com'),
    ('R086', 'Retailer Eclipse', '234 Fir Blvd', '012-3456866', 'retailer086@gmail.com'),
    ('R087', 'Retailer Starlight', '345 Pinecone St', '012-3456867', 'retailer087@gmail.com'),
    ('R088', 'Retailer Cosmos', '456 Maple Rd', '012-3456868', 'retailer088@gmail.com'),
    ('R089', 'Retailer Horizon', '567 Cedar Ln', '012-3456869', 'retailer089@gmail.com'),
    ('R090', 'Retailer Comet', '678 Willow Blvd', '012-3456870', 'retailer090@gmail.com'),
    ('R091', 'Retailer Aurora', '789 Oak Rd', '012-3456871', 'retailer091@gmail.com'),
    ('R092', 'Retailer Zenith', '891 Redwood St', '012-3456872', 'retailer092@gmail.com'),
    ('R093', 'Retailer Nebula', '123 Spruce Ln', '012-3456873', 'retailer093@gmail.com'),
    ('R094', 'Retailer Meteor', '234 Cypress Rd', '012-3456874', 'retailer094@gmail.com'),
    ('R095', 'Retailer Quasar', '345 Fir Ave', '012-3456875', 'retailer095@gmail.com'),
    ('R096', 'Retailer Odyssey', '456 Pinecone Rd', '012-3456876', 'retailer096@gmail.com'),
    ('R097', 'Retailer Radiance', '567 Maple St', '012-3456877', 'retailer097@gmail.com'),
    ('R098', 'Retailer Pulsar', '678 Cedar Ln', '012-3456878', 'retailer098@gmail.com'),
    ('R099', 'Retailer Gravity', '789 Willow Blvd', '012-3456879', 'retailer099@gmail.com'),
    ('R100', 'Retailer Stardust', '891 Oak Ave', '012-3456880', 'retailer100@gmail.com');

INSERT INTO Warehouse (WarehouseID, WarehouseName, WarehouseAddress, WarehousePhone, WarehouseEmail)
VALUES
    ('W001', 'Main Warehouse', '123 Industrial Ave', '011-3456781', 'warehouse001@gmail.com'),
    ('W002', 'Central Depot', '456 Logistics Rd', '011-3456782', 'warehouse002@gmail.com'),
    ('W003', 'East Storage', '789 Distribution St', '011-3456783', 'warehouse003@gmail.com'),
    ('W004', 'West Facility', '321 Warehouse Blvd', '011-3456784', 'warehouse004@gmail.com'),
    ('W005', 'North Hub', '654 Supply Ln', '011-3456785', 'warehouse005@gmail.com'),
    ('W006', 'South Storage', '987 Cargo Dr', '011-3456786', 'warehouse006@gmail.com'),
    ('W007', 'Metro Warehouse', '234 Freight Rd', '011-3456787', 'warehouse007@gmail.com'),
    ('W008', 'Logistics Hub', '345 Storage St', '011-3456788', 'warehouse008@gmail.com'),
    ('W009', 'Central Storage', '456 Transport Ave', '011-3456789', 'warehouse009@gmail.com'),
    ('W010', 'Southwest Depot', '567 Distribution Blvd', '011-3456790', 'warehouse010@gmail.com'),
    ('W011', 'East End Hub', '678 Cargo Ave', '011-3456791', 'warehouse011@gmail.com'),
    ('W012', 'Northwest Warehouse', '789 Shipping Ln', '011-3456792', 'warehouse012@gmail.com'),
    ('W013', 'Centralized Storage', '891 Freight St', '011-3456793', 'warehouse013@gmail.com'),
    ('W014', 'Grand Warehouse', '123 Industrial Blvd', '011-3456794', 'warehouse014@gmail.com'),
    ('W015', 'Main Storage', '234 Cargo Rd', '011-3456795', 'warehouse015@gmail.com'),
    ('W016', 'Logistics Center', '345 Warehouse Ln', '011-3456796', 'warehouse016@gmail.com'),
    ('W017', 'Supply Depot', '456 Supply Blvd', '011-3456797', 'warehouse017@gmail.com'),
    ('W018', 'East Distribution', '567 Logistics Rd', '011-3456798', 'warehouse018@gmail.com'),
    ('W019', 'Western Hub', '678 Freight Blvd', '011-3456799', 'warehouse019@gmail.com'),
    ('W020', 'Cargo Storage', '789 Warehouse Ave', '011-3456800', 'warehouse020@gmail.com'),
    ('W021', 'Central Transport', '123 Distribution Rd', '011-3456801', 'warehouse021@gmail.com'),
    ('W022', 'South End Depot', '234 Logistics St', '011-3456802', 'warehouse022@gmail.com'),
    ('W023', 'North Storage', '345 Transport Blvd', '011-3456803', 'warehouse023@gmail.com'),
    ('W024', 'East Supply', '456 Cargo Dr', '011-3456804', 'warehouse024@gmail.com'),
    ('W025', 'Warehouse Central', '567 Freight Ave', '011-3456805', 'warehouse025@gmail.com'),
    ('W026', 'Logistics Plaza', '678 Shipping Rd', '011-3456806', 'warehouse026@gmail.com'),
    ('W027', 'Supply Hub', '789 Warehouse Ln', '011-3456807', 'warehouse027@gmail.com'),
    ('W028', 'Storage Depot', '891 Distribution St', '011-3456808', 'warehouse028@gmail.com'),
    ('W029', 'Main Logistics', '123 Freight Blvd', '011-3456809', 'warehouse029@gmail.com'),
    ('W030', 'Cargo Depot', '234 Warehouse Ave', '011-3456810', 'warehouse030@gmail.com'),
    ('W031', 'Northwest Storage', '345 Transport Rd', '011-3456811', 'warehouse031@gmail.com'),
    ('W032', 'East Logistics', '456 Supply St', '011-3456812', 'warehouse032@gmail.com'),
    ('W033', 'Storage Center', '567 Cargo Blvd', '011-3456813', 'warehouse033@gmail.com'),
    ('W034', 'Freight Depot', '678 Distribution Ln', '011-3456814', 'warehouse034@gmail.com'),
    ('W035', 'Metro Logistics', '789 Warehouse Rd', '011-3456815', 'warehouse035@gmail.com'),
    ('W036', 'East Warehouse', '891 Freight St', '011-3456816', 'warehouse036@gmail.com'),
    ('W037', 'Cargo Hub', '123 Transport Blvd', '011-3456817', 'warehouse037@gmail.com'),
    ('W038', 'West Storage', '234 Logistics Ave', '011-3456818', 'warehouse038@gmail.com'),
    ('W039', 'Main Depot', '345 Shipping Blvd', '011-3456819', 'warehouse039@gmail.com'),
    ('W040', 'Distribution Hub', '456 Cargo Rd', '011-3456820', 'warehouse040@gmail.com'),
    ('W041', 'Logistics End', '567 Supply St', '011-3456821', 'warehouse041@gmail.com'),
    ('W042', 'Storage Facility', '678 Transport Ln', '011-3456822', 'warehouse042@gmail.com'),
    ('W043', 'Central Freight', '789 Distribution Blvd', '011-3456823', 'warehouse043@gmail.com'),
    ('W044', 'Supply Center', '891 Warehouse St', '011-3456824', 'warehouse044@gmail.com'),
    ('W045', 'Freight Hub', '123 Logistics Ave', '011-3456825', 'warehouse045@gmail.com'),
    ('W046', 'Cargo End', '234 Transport Rd', '011-3456826', 'warehouse046@gmail.com'),
    ('W047', 'West Distribution', '345 Supply Blvd', '011-3456827', 'warehouse047@gmail.com'),
    ('W048', 'Main Shipping', '456 Freight Ln', '011-3456828', 'warehouse048@gmail.com'),
    ('W049', 'North Logistics', '567 Warehouse Blvd', '011-3456829', 'warehouse049@gmail.com'),
    ('W050', 'East End Storage', '678 Cargo Ave', '011-3456830', 'warehouse050@gmail.com'),
    ('W051', 'Central Depot', '789 Logistics Blvd', '011-3456831', 'warehouse051@gmail.com'),
    ('W052', 'Metro Facility', '891 Supply St', '011-3456832', 'warehouse052@gmail.com'),
    ('W053', 'Cargo Central', '123 Transport Ave', '011-3456833', 'warehouse053@gmail.com'),
    ('W054', 'East Storage Hub', '234 Distribution Rd', '011-3456834', 'warehouse054@gmail.com'),
    ('W055', 'Freight Center', '345 Warehouse Ln', '011-3456835', 'warehouse055@gmail.com'),
    ('W056', 'Main Facility', '456 Cargo Blvd', '011-3456836', 'warehouse056@gmail.com'),
    ('W057', 'Storage Plaza', '567 Supply Rd', '011-3456837', 'warehouse057@gmail.com'),
    ('W058', 'West Hub', '678 Transport St', '011-3456838', 'warehouse058@gmail.com'),
    ('W059', 'Freight Plaza', '789 Logistics Ln', '011-3456839', 'warehouse059@gmail.com'),
    ('W060', 'Central Storage Depot', '891 Shipping Rd', '011-3456840', 'warehouse060@gmail.com'),
    ('W061', 'Cargo Logistics', '123 Warehouse St', '011-3456841', 'warehouse061@gmail.com'),
    ('W062', 'Freight End', '234 Supply Blvd', '011-3456842', 'warehouse062@gmail.com'),
    ('W063', 'Main Distribution', '345 Transport Blvd', '011-3456843', 'warehouse063@gmail.com'),
    ('W064', 'West End Facility', '456 Cargo Rd', '011-3456844', 'warehouse064@gmail.com'),
    ('W065', 'North Freight', '567 Supply St', '011-3456845', 'warehouse065@gmail.com'),
    ('W066', 'East Central Hub', '678 Logistics Blvd', '011-3456846', 'warehouse066@gmail.com'),
    ('W067', 'Metro Shipping', '789 Transport Ln', '011-3456847', 'warehouse067@gmail.com'),
    ('W068', 'Cargo Plaza', '891 Distribution Blvd', '011-3456848', 'warehouse068@gmail.com'),
    ('W069', 'Logistics Center', '123 Warehouse Ave', '011-3456849', 'warehouse069@gmail.com'),
    ('W070', 'Central Supply Depot', '234 Cargo Blvd', '011-3456850', 'warehouse070@gmail.com'),
    ('W071', 'West Cargo Hub', '345 Logistics Rd', '011-3456851', 'warehouse071@gmail.com'),
    ('W072', 'Freight Storage', '456 Shipping Blvd', '011-3456852', 'warehouse072@gmail.com'),
    ('W073', 'North Storage Hub', '567 Cargo Rd', '011-3456853', 'warehouse073@gmail.com'),
    ('W074', 'Main Distribution Center', '678 Supply Ln', '011-3456854', 'warehouse074@gmail.com'),
    ('W075', 'East Warehouse Hub', '789 Transport Blvd', '011-3456855', 'warehouse075@gmail.com'),
    ('W076', 'Freight Logistics', '891 Shipping St', '011-3456856', 'warehouse076@gmail.com'),
    ('W077', 'Logistics End', '123 Distribution Rd', '011-3456857', 'warehouse077@gmail.com'),
    ('W078', 'Centralized Hub', '234 Warehouse Blvd', '011-3456858', 'warehouse078@gmail.com'),
    ('W079', 'East Supply Center', '345 Logistics Ln', '011-3456859', 'warehouse079@gmail.com'),
    ('W080', 'Cargo Center', '456 Transport Blvd', '011-3456860', 'warehouse080@gmail.com'),
    ('W081', 'Storage End', '567 Supply Blvd', '011-3456861', 'warehouse081@gmail.com'),
    ('W082', 'Main Logistics Plaza', '678 Shipping Rd', '011-3456862', 'warehouse082@gmail.com'),
    ('W083', 'Freight Storage Center', '789 Warehouse Blvd', '011-3456863', 'warehouse083@gmail.com'),
    ('W084', 'Cargo End Storage', '891 Logistics Rd', '011-3456864', 'warehouse084@gmail.com'),
    ('W085', 'Metro End Hub', '123 Transport Ln', '011-3456865', 'warehouse085@gmail.com'),
    ('W086', 'West Freight Center', '234 Distribution Ave', '011-3456866', 'warehouse086@gmail.com'),
    ('W087', 'Central Shipping Hub', '345 Warehouse St', '011-3456867', 'warehouse087@gmail.com'),
    ('W088', 'Freight Supply Depot', '456 Cargo Blvd', '011-3456868', 'warehouse088@gmail.com'),
    ('W089', 'East Logistics Hub', '567 Supply Rd', '011-3456869', 'warehouse089@gmail.com'),
    ('W090', 'Storage Central Hub', '678 Transport Ln', '011-3456870', 'warehouse090@gmail.com'),
    ('W091', 'Cargo Logistics Plaza', '789 Shipping Blvd', '011-3456871', 'warehouse091@gmail.com'),
    ('W092', 'Freight Central', '891 Warehouse Ave', '011-3456872', 'warehouse092@gmail.com'),
    ('W093', 'Central Supply Facility', '123 Cargo Blvd', '011-3456873', 'warehouse093@gmail.com'),
    ('W094', 'East End Facility', '234 Logistics St', '011-3456874', 'warehouse094@gmail.com'),
    ('W095', 'West Cargo Facility', '345 Transport Blvd', '011-3456875', 'warehouse095@gmail.com'),
    ('W096', 'Main Freight Plaza', '456 Supply Rd', '011-3456876', 'warehouse096@gmail.com'),
    ('W097', 'Storage Hub', '567 Shipping Ln', '011-3456877', 'warehouse097@gmail.com'),
    ('W098', 'Freight End Depot', '678 Logistics Ave', '011-3456878', 'warehouse098@gmail.com'),
    ('W099', 'Centralized Logistics', '789 Warehouse Ln', '011-3456879', 'warehouse099@gmail.com'),
    ('W100', 'Logistics Plaza', '891 Cargo Blvd', '011-3456880', 'warehouse100@gmail.com');

INSERT INTO Staff (StaffID, StaffUsername, Password, StaffIC, StaffName, StaffAge, StaffHireDate, StaffBirthDate, StaffSalary, StaffEmail, StaffPhone, StaffAddress, AdminPrivilege, WarehouseID)
VALUES
    ('S001', 'johnDoe', 'Password1!', '901010101010', 'John Doe', 33, '2023-01-15', '1990-10-10', 3000.00, 'johndoe@gmail.com', '012-3456781', '789 Staff Road', 1, 'W001'),
    ('S002', 'janeSmith', 'Smith12@!', '921020101020', 'Jane Smith', 31, '2023-02-16', '1992-10-20', 2800.00, 'janesmith@gmail.com', '012-3456782', '123 Staff Blvd', 2, 'W002'),
    ('S003', 'aliceJohnson', 'AliceJ34#', '931030101030', 'Alice Johnson', 29, '2023-03-17', '1993-03-30', 3200.00, 'alicejohnson@gmail.com', '012-3456783', '456 Staff St', 0, 'W003'),
    ('S004', 'bobBrown', 'BobB55$!', '941040101040', 'Bob Brown', 28, '2023-04-18', '1994-04-10', 3100.00, 'bobbrown@gmail.com', '012-3456784', '789 Staff Ln', 4, 'W004'),
    ('S005', 'charlieGreen', 'Green77%!', '951050101050', 'Charlie Green', 27, '2023-05-19', '1995-05-10', 2900.00, 'charliegreen@gmail.com', '012-3456785', '123 Staff Rd', 3, 'W005'),
    ('S006', 'davidWhite', 'White88*', '961060101060', 'David White', 26, '2023-06-20', '1996-06-10', 3300.00, 'davidwhite@gmail.com', '012-3456786', '456 Staff Ave', 3, 'W006'),
    ('S007', 'emilyBlack', 'Emily99&', '971070101070', 'Emily Black', 25, '2023-07-21', '1997-07-10', 2700.00, 'emilyblack@gmail.com', '012-3456787', '789 Staff Blvd', 0, 'W007'),
    ('S008', 'frankGray', 'Gray12@!', '981080101080', 'Frank Gray', 24, '2023-08-22', '1998-08-10', 3400.00, 'frankgray@gmail.com', '012-3456788', '123 Staff St', 4, 'W008'),
    ('S009', 'georgeBlue', 'Blue34#', '991090101090', 'George Blue', 23, '2023-09-23', '1999-09-10', 3600.00, 'georgeblue@gmail.com', '012-3456789', '456 Staff Ln', 1, 'W009'),
    ('S010', 'hannahYellow', 'Yellow56$!', '001000101000', 'Hannah Yellow', 22, '2023-10-24', '2000-10-10', 3500.00, 'hannahyellow@gmail.com', '012-3456790', '789 Staff Rd', 2, 'W010'),
    ('S011', 'lucasGreen', 'Green24&*', '890101010101', 'Lucas Green', 34, '2022-02-15', '1989-01-01', 3800.00, 'lucasgreen@gmail.com', '012-3456791', '101 Staff Ave', 3, 'W001'),
    ('S012', 'michaelGray', 'Gray42#$', '891020101010', 'Michael Gray', 33, '2022-04-12', '1989-10-20', 3000.00, 'michaelgray@gmail.com', '012-3456792', '202 Staff Blvd', 4, 'W002'),
    ('S013', 'nathanBrown', 'Brown67$@', '930102010203', 'Nathan Brown', 30, '2022-06-10', '1993-01-02', 3100.00, 'nathanbrown@gmail.com', '012-3456793', '303 Staff St', 1, 'W003'),
    ('S014', 'oliverBlack', 'Black89%!', '880301020405', 'Oliver Black', 35, '2022-08-18', '1988-03-01', 3200.00, 'oliverblack@gmail.com', '012-3456794', '404 Staff Ln', 3, 'W004'),
    ('S015', 'paulWhite', 'White98@#', '860205010607', 'Paul White', 37, '2022-10-24', '1986-02-05', 3500.00, 'paulwhite@gmail.com', '012-3456795', '505 Staff Rd', 4, 'W005'),
    ('S016', 'quincyBlue', 'Blue72&*', '950207010809', 'Quincy Blue', 28, '2022-12-14', '1995-02-07', 3300.00, 'quincyblue@gmail.com', '012-3456796', '606 Staff Ave', 0, 'W006'),
    ('S017', 'rachelSmith', 'Smith48@#', '940809020101', 'Rachel Smith', 29, '2023-02-19', '1994-08-09', 2900.00, 'rachelsmith@gmail.com', '012-3456797', '707 Staff Blvd', 1, 'W007'),
    ('S018', 'samuelGreen', 'Green56$%', '930201030102', 'Samuel Green', 30, '2023-04-12', '1993-02-01', 3100.00, 'samuelgreen@gmail.com', '012-3456798', '808 Staff St', 2, 'W008'),
    ('S019', 'thomasDoe', 'Doe90@*', '900305030205', 'Thomas Doe', 33, '2023-06-15', '1990-03-05', 3200.00, 'thomasdoe@gmail.com', '012-3456799', '909 Staff Ln', 0, 'W009'),
    ('S020', 'ursulaRed', 'Red34$!', '960703040304', 'Ursula Red', 27, '2023-08-10', '1996-07-03', 3000.00, 'ursulared@gmail.com', '012-3456800', '1010 Staff Rd', 1, 'W010'),
    ('S021', 'victorGray', 'Gray67%!', '980202020505', 'Victor Gray', 25, '2023-09-25', '1998-02-02', 3400.00, 'victorgray@gmail.com', '012-3456801', '1111 Staff Ave', 3, 'W001'),
    ('S022', 'wendyWhite', 'White45&$', '920102020606', 'Wendy White', 31, '2023-11-15', '1992-01-02', 3100.00, 'wendywhite@gmail.com', '012-3456802', '1212 Staff Blvd', 3, 'W002'),
    ('S023', 'xanderBlue', 'Blue89$#', '970403030707', 'Xander Blue', 26, '2023-12-18', '1997-04-03', 3600.00, 'xanderblue@gmail.com', '012-3456803', '1313 Staff St', 4, 'W003'),
    ('S024', 'yaraSmith', 'Smith12&%', '960804040909', 'Yara Smith', 27, '2022-01-20', '1996-08-04', 3000.00, 'yarasmith@gmail.com', '012-3456804', '1414 Staff Ln', 1, 'W004'),
    ('S025', 'zaneBrown', 'Brown34%@', '950702020101', 'Zane Brown', 28, '2022-02-28', '1995-07-02', 3200.00, 'zanebrown@gmail.com', '012-3456805', '1515 Staff Rd', 0, 'W005'),
    ('S026', 'adamBlack', 'Black56$#', '940503030202', 'Adam Black', 29, '2022-03-18', '1994-05-03', 3300.00, 'adamblack@gmail.com', '012-3456806', '1616 Staff Ave', 1, 'W006'),
    ('S027', 'brianGreen', 'Green78@%', '890705040303', 'Brian Green', 34, '2022-04-25', '1989-07-05', 3400.00, 'briangreen@gmail.com', '012-3456807', '1717 Staff Blvd', 3, 'W007'),
    ('S028', 'chrisDoe', 'Doe12&*', '950902050505', 'Chris Doe', 28, '2022-05-10', '1995-09-02', 3200.00, 'chrisdoe@gmail.com', '012-3456808', '1818 Staff St', 0, 'W008'),
    ('S029', 'dianaRed', 'Red45$%', '960102050707', 'Diana Red', 27, '2022-06-15', '1996-01-02', 3300.00, 'dianared@gmail.com', '012-3456809', '1919 Staff Ln', 3, 'W009'),
    ('S030', 'ethanSmith', 'Smith67@$', '950303030909', 'Ethan Smith', 28, '2022-07-20', '1995-03-03', 3000.00, 'ethansmith@gmail.com', '012-3456810', '2020 Staff Rd', 1, 'W010'),
    ('S031', 'felixGreen', 'Green89&%', '930201010101', 'Felix Green', 30, '2022-08-10', '1993-02-01', 3500.00, 'felixgreen@gmail.com', '012-3456811', '2121 Staff Ave', 4, 'W001'),
    ('S032', 'georgeGray', 'Gray90#$', '920702020202', 'George Gray', 31, '2022-09-15', '1992-07-02', 3200.00, 'georgegray@gmail.com', '012-3456812', '2222 Staff Blvd', 2, 'W002'),
    ('S033', 'hannahBlack', 'Black12&*', '910804030303', 'Hannah Black', 32, '2022-10-25', '1991-08-04', 3100.00, 'hannahblack@gmail.com', '012-3456813', '2323 Staff St', 0, 'W003'),
    ('S034', 'ianWhite', 'White23$@', '930301040404', 'Ian White', 30, '2022-11-30', '1993-03-01', 3300.00, 'ianwhite@gmail.com', '012-3456814', '2424 Staff Ln', 1, 'W004'),
    ('S035', 'jackDoe', 'Doe56#$', '940203050505', 'Jack Doe', 29, '2023-01-15', '1994-02-03', 3200.00, 'jackdoe@gmail.com', '012-3456815', '2525 Staff Rd', 0, 'W005'),
    ('S036', 'kateBlue', 'Blue78$@', '950604060606', 'Kate Blue', 28, '2023-02-25', '1995-06-04', 3100.00, 'kateblue@gmail.com', '012-3456816', '2626 Staff Ave', 4, 'W006'),
    ('S037', 'leoSmith', 'Smith12&*', '960707070707', 'Leo Smith', 27, '2023-03-05', '1996-07-07', 3000.00, 'leosmith@gmail.com', '012-3456817', '2727 Staff Blvd', 1, 'W007'),
    ('S038', 'mikeGreen', 'Green34#$', '970401080808', 'Mike Green', 26, '2023-04-10', '1997-04-01', 3200.00, 'mikegreen@gmail.com', '012-3456818', '2828 Staff St', 2, 'W008'),
    ('S039', 'ninaBrown', 'Brown67$%', '960305090909', 'Nina Brown', 27, '2023-05-15', '1996-03-05', 3300.00, 'ninabrown@gmail.com', '012-3456819', '2929 Staff Ln', 3, 'W009'),
    ('S040', 'oliverBlack', 'Black89&*', '940202010101', 'Oliver Black', 29, '2023-06-25', '1994-02-02', 3000.00, 'oliverblack@gmail.com', '012-3456820', '3030 Staff Rd', 3, 'W010'),
    ('S041', 'peterWhite', 'White12@$', '960703020202', 'Peter White', 27, '2023-07-05', '1996-07-03', 3300.00, 'peterwhite@gmail.com', '012-3456821', '3131 Staff Ave', 0, 'W001'),
    ('S042', 'quinnGray', 'Gray56$%', '970402030303', 'Quinn Gray', 26, '2023-08-10', '1997-04-02', 3000.00, 'quinngray@gmail.com', '012-3456822', '3232 Staff Blvd', 1, 'W002'),
    ('S043', 'roseSmith', 'Smith45&%', '950302040404', 'Rose Smith', 28, '2023-09-25', '1995-03-02', 3200.00, 'rosesmith@gmail.com', '012-3456823', '3333 Staff St', 2, 'W003'),
    ('S044', 'samDoe', 'Doe34$%', '980102050505', 'Sam Doe', 25, '2023-10-15', '1998-01-02', 3100.00, 'samdoe@gmail.com', '012-3456824', '3434 Staff Ln', 3, 'W004'),
    ('S045', 'tinaBlue', 'Blue12&$', '960501010101', 'Tina Blue', 27, '2022-01-10', '1996-05-01', 3500.00, 'tinablue@gmail.com', '012-3456825', '3535 Staff Rd', 1, 'W005'),
    ('S046', 'ursulaRed', 'Red67#$', '950203020202', 'Ursula Red', 28, '2022-02-05', '1995-02-03', 3200.00, 'ursulared@gmail.com', '012-3456826', '3636 Staff Ave', 0, 'W006'),
    ('S047', 'victorGray', 'Gray34$#', '930101030303', 'Victor Gray', 30, '2022-03-18', '1993-01-01', 3100.00, 'victorgray@gmail.com', '012-3456827', '3737 Staff Blvd', 4, 'W007'),
    ('S048', 'wendyBrown', 'Brown56$%', '970302040404', 'Wendy Brown', 26, '2022-04-25', '1997-03-02', 3200.00, 'wendybrown@gmail.com', '012-3456828', '3838 Staff St', 2, 'W008'),
    ('S049', 'xanderBlack', 'Black67@#', '980303050505', 'Xander Black', 25, '2022-05-15', '1998-03-03', 3400.00, 'xanderblack@gmail.com', '012-3456829', '3939 Staff Ln', 3, 'W009'),
    ('S050', 'yaraGreen', 'Green12&*', '950204060606', 'Yara Green', 28, '2022-06-10', '1995-02-04', 3000.00, 'yaragreen@gmail.com', '012-3456830', '4040 Staff Rd', 0, 'W010'),
    ('S051', 'zackSmith', 'Smith45&%', '920105010101', 'Zack Smith', 31, '2023-01-10', '1992-01-05', 3200.00, 'zacksmith@gmail.com', '012-3456831', '4141 Staff Ave', 1, 'W001'),
    ('S052', 'abbyDoe', 'Doe67@$', '950506020202', 'Abby Doe', 28, '2023-02-18', '1995-05-06', 3100.00, 'abbydoe@gmail.com', '012-3456832', '4242 Staff Blvd', 2, 'W002'),
    ('S053', 'benBlack', 'Black89@%', '970102030303', 'Ben Black', 26, '2023-03-22', '1997-01-02', 3500.00, 'benblack@gmail.com', '012-3456833', '4343 Staff St', 0, 'W003'),
    ('S054', 'claireBrown', 'Brown34$#', '960304040404', 'Claire Brown', 27, '2023-04-30', '1996-03-04', 3000.00, 'clairebrown@gmail.com', '012-3456834', '4444 Staff Ln', 3, 'W004'),
    ('S055', 'davidWhite', 'White56&*', '910201010505', 'David White', 32, '2023-05-15', '1991-02-01', 3300.00, 'davidwhite@gmail.com', '012-3456835', '4545 Staff Rd', 4, 'W005'),
    ('S056', 'ellaGreen', 'Green78$!', '950502020606', 'Ella Green', 28, '2023-06-25', '1995-05-02', 3200.00, 'ellagreen@gmail.com', '012-3456836', '4646 Staff Ave', 1, 'W006'),
    ('S057', 'felixDoe', 'Doe23&$', '980401030707', 'Felix Doe', 25, '2023-07-30', '1998-04-01', 3400.00, 'felixdoe@gmail.com', '012-3456837', '4747 Staff Blvd', 3, 'W007'),
    ('S058', 'georgeBlue', 'Blue12%#', '970301040808', 'George Blue', 26, '2023-08-10', '1997-03-01', 3600.00, 'georgeblue@gmail.com', '012-3456838', '4848 Staff St', 1, 'W008'),
    ('S059', 'harryBlack', 'Black34@*', '910405050909', 'Harry Black', 32, '2023-09-14', '1991-04-05', 3100.00, 'harryblack@gmail.com', '012-3456839', '4949 Staff Ln', 0, 'W009'),
    ('S060', 'ivySmith', 'Smith56$!', '950504060101', 'Ivy Smith', 28, '2023-10-05', '1995-05-04', 3000.00, 'ivysmith@gmail.com', '012-3456840', '5050 Staff Rd', 2, 'W010'),
    ('S061', 'jackBrown', 'Brown78&%', '920607010102', 'Jack Brown', 31, '2022-01-25', '1992-06-07', 3200.00, 'jackbrown@gmail.com', '012-3456841', '5151 Staff Ave', 1, 'W001'),
    ('S062', 'karenWhite', 'White90$#', '930202020202', 'Karen White', 30, '2022-02-14', '1993-02-02', 3300.00, 'karenwhite@gmail.com', '012-3456842', '5252 Staff Blvd', 0, 'W002'),
    ('S063', 'leoDoe', 'Doe23&$', '910203030303', 'Leo Doe', 32, '2022-03-30', '1991-02-03', 3500.00, 'leodoe@gmail.com', '012-3456843', '5353 Staff St', 3, 'W003'),
    ('S064', 'milaGreen', 'Green45$%', '960607040404', 'Mila Green', 27, '2022-04-20', '1996-06-07', 3100.00, 'milagreen@gmail.com', '012-3456844', '5454 Staff Ln', 1, 'W004'),
    ('S065', 'noahBlue', 'Blue67@#', '940507050505', 'Noah Blue', 29, '2022-05-25', '1994-05-07', 3400.00, 'noahblue@gmail.com', '012-3456845', '5555 Staff Rd', 4, 'W005'),
    ('S066', 'oliviaBlack', 'Black89%!', '930609060606', 'Olivia Black', 30, '2022-06-05', '1993-06-09', 3200.00, 'oliviablack@gmail.com', '012-3456846', '5656 Staff Ave', 2, 'W006'),
    ('S067', 'peterGray', 'Gray12$@', '980510070707', 'Peter Gray', 25, '2022-07-18', '1998-05-10', 3500.00, 'petergray@gmail.com', '012-3456847', '5757 Staff Blvd', 1, 'W007'),
    ('S068', 'quinnSmith', 'Smith23&*', '970401080808', 'Quinn Smith', 26, '2022-08-15', '1997-04-01', 3600.00, 'quinnsmith@gmail.com', '012-3456848', '5858 Staff St', 0, 'W008'),
    ('S069', 'roseDoe', 'Doe45$%', '950508090909', 'Rose Doe', 28, '2022-09-22', '1995-05-08', 3200.00, 'rosedoe@gmail.com', '012-3456849', '5959 Staff Ln', 3, 'W009'),
    ('S070', 'samBrown', 'Brown67@!', '960506010101', 'Sam Brown', 27, '2022-10-05', '1996-05-06', 3000.00, 'sambrown@gmail.com', '012-3456850', '6060 Staff Rd', 2, 'W010'),
    ('S071', 'tinaWhite', 'White78&$', '930701020202', 'Tina White', 30, '2022-11-10', '1993-07-01', 3300.00, 'tinawhite@gmail.com', '012-3456851', '6161 Staff Ave', 3, 'W001'),
    ('S072', 'ursulaGreen', 'Green12$%', '970702030303', 'Ursula Green', 26, '2022-12-15', '1997-07-02', 3100.00, 'ursulagreen@gmail.com', '012-3456852', '6262 Staff Blvd', 1, 'W002'),
    ('S073', 'victorDoe', 'Doe23&$', '980503040404', 'Victor Doe', 25, '2023-01-05', '1998-05-03', 3000.00, 'victordoe@gmail.com', '012-3456853', '6363 Staff St', 2, 'W003'),
    ('S074', 'wendyBlue', 'Blue34$%', '910705050505', 'Wendy Blue', 32, '2023-02-20', '1991-07-05', 3500.00, 'wendyblue@gmail.com', '012-3456854', '6464 Staff Ln', 4, 'W004'),
    ('S075', 'xanderBlack', 'Black45&*', '940805060606', 'Xander Black', 29, '2023-03-10', '1994-08-05', 3300.00, 'xanderblack@gmail.com', '012-3456855', '6565 Staff Rd', 1, 'W005'),
    ('S076', 'yaraBrown', 'Brown56@%', '960607070707', 'Yara Brown', 27, '2023-04-25', '1996-06-07', 3100.00, 'yarabrown@gmail.com', '012-3456856', '6666 Staff Ave', 3, 'W006'),
    ('S077', 'zaneGreen', 'Green78$@', '980603080808', 'Zane Green', 25, '2023-05-30', '1998-06-03', 3600.00, 'zanegreen@gmail.com', '012-3456857', '6767 Staff Blvd', 0, 'W007'),
    ('S078', 'abbyWhite', 'White12$*', '920605090909', 'Abby White', 31, '2023-06-15', '1992-06-05', 3000.00, 'abbywhite@gmail.com', '012-3456858', '6868 Staff St', 2, 'W008'),
    ('S079', 'benSmith', 'Smith34$%', '970607010101', 'Ben Smith', 26, '2023-07-10', '1997-06-07', 3200.00, 'bensmith@gmail.com', '012-3456859', '6969 Staff Ln', 1, 'W009'),
    ('S080', 'claireDoe', 'Doe45&%', '960702020202', 'Claire Doe', 27, '2023-08-20', '1996-07-02', 3400.00, 'clairedoe@gmail.com', '012-3456860', '7070 Staff Rd', 0, 'W010'),
    ('S081', 'davidBrown', 'Brown56$!', '930702030303', 'David Brown', 30, '2023-09-05', '1993-07-02', 3100.00, 'davidbrown@gmail.com', '012-3456861', '7171 Staff Ave', 2, 'W001'),
    ('S082', 'ellaGreen', 'Green67@%', '910603040404', 'Ella Green', 32, '2023-10-10', '1991-06-03', 3200.00, 'ellagreen@gmail.com', '012-3456862', '7272 Staff Blvd', 1, 'W002'),
    ('S083', 'felixSmith', 'Smith78$#', '940505050505', 'Felix Smith', 29, '2023-11-15', '1994-05-05', 3300.00, 'felixsmith@gmail.com', '012-3456863', '7373 Staff St', 3, 'W003'),
    ('S084', 'georgeWhite', 'White90&*', '980405060606', 'George White', 25, '2023-12-30', '1998-04-05', 3500.00, 'georgewhite@gmail.com', '012-3456864', '7474 Staff Ln', 3, 'W004'),
    ('S085', 'harryBlue', 'Blue12$%', '970406070707', 'Harry Blue', 26, '2023-01-10', '1997-04-06', 3100.00, 'harryblue@gmail.com', '012-3456865', '7575 Staff Rd', 0, 'W005'),
    ('S086', 'ivyBrown', 'Brown23&$', '960303080808', 'Ivy Brown', 27, '2023-02-15', '1996-03-03', 3000.00, 'ivybrown@gmail.com', '012-3456866', '7676 Staff Ave', 1, 'W006'),
    ('S087', 'jackDoe', 'Doe34$#', '920502090909', 'Jack Doe', 31, '2023-03-25', '1992-05-02', 3200.00, 'jackdoe@gmail.com', '012-3456867', '7777 Staff Blvd', 2, 'W007'),
    ('S088', 'karenGreen', 'Green56$!', '940601010101', 'Karen Green', 29, '2023-04-30', '1994-06-01', 3400.00, 'karengreen@gmail.com', '012-3456868', '7878 Staff St', 3, 'W008'),
    ('S089', 'leoBlue', 'Blue67@$', '930601020202', 'Leo Blue', 30, '2023-05-15', '1993-06-01', 3500.00, 'leoblue@gmail.com', '012-3456869', '7979 Staff Ln', 4, 'W009'),
    ('S090', 'milaWhite', 'White78&%', '920603030303', 'Mila White', 31, '2023-06-10', '1992-06-03', 3200.00, 'milawhite@gmail.com', '012-3456870', '8080 Staff Rd', 1, 'W010'),
    ('S091', 'noahGreen', 'Green12$#', '950701040404', 'Noah Green', 28, '2023-07-25', '1995-07-01', 3100.00, 'noahgreen@gmail.com', '012-3456871', '8181 Staff Ave', 0, 'W001'),
    ('S092', 'oliviaBlue', 'Blue23&$', '910703050505', 'Olivia Blue', 32, '2023-08-15', '1991-07-03', 3000.00, 'oliviablue@gmail.com', '012-3456872', '8282 Staff Blvd', 3, 'W002'),
    ('S093', 'peterDoe', 'Doe34$%', '940802060606', 'Peter Doe', 29, '2023-09-05', '1994-08-02', 3200.00, 'peterdoe@gmail.com', '012-3456873', '8383 Staff St', 2, 'W003'),
    ('S094', 'quinnSmith', 'Smith45&!', '950305070707', 'Quinn Smith', 28, '2023-10-20', '1995-03-05', 3500.00, 'quinnsmith@gmail.com', '012-3456874', '8484 Staff Ln', 1, 'W004'),
    ('S095', 'roseBrown', 'Brown67@*', '970101080808', 'Rose Brown', 26, '2023-11-25', '1997-01-01', 3000.00, 'rosebrown@gmail.com', '012-3456875', '8585 Staff Rd', 4, 'W005'),
    ('S096', 'samDoe', 'Doe78$%', '940304090909', 'Sam Doe', 29, '2023-12-10', '1994-03-04', 3200.00, 'samdoe@gmail.com', '012-3456876', '8686 Staff Ave', 3, 'W006'),
    ('S097', 'tinaGreen', 'Green89$@', '960401010101', 'Tina Green', 27, '2023-01-25', '1996-04-01', 3400.00, 'tinagreen@gmail.com', '012-3456877', '8787 Staff Blvd', 3, 'W007'),
    ('S098', 'ursulaWhite', 'White12&$', '950303020202', 'Ursula White', 28, '2023-02-18', '1995-03-03', 3000.00, 'ursulawhite@gmail.com', '012-3456878', '8888 Staff St', 0, 'W008'),
    ('S099', 'victorBlue', 'Blue34#$', '920702030303', 'Victor Blue', 31, '2023-03-30', '1992-07-02', 3200.00, 'victorblue@gmail.com', '012-3456879', '8989 Staff Ln', 2, 'W009'),
    ('S100', 'wendyDoe', 'Doe45&!', '930203040404', 'Wendy Doe', 30, '2023-04-10', '1993-02-03', 3500.00, 'wendydoe@gmail.com', '012-3456880', '9090 Staff Rd', 1, 'W010');

INSERT INTO Product (ProductName, ProductDesc, ProductCategory, ProductPrice, ProductWeight, ProductWidth, ProductLength, ProductHeight, ProductUpdatedAt)
VALUES
    ('Milk', 'Fresh Milk 1L', 'Dairy', 3.50, 1.00, 10.00, 5.00, 15.00, NOW()),
    ('Bread', 'Whole Wheat Bread', 'Bakery', 2.50, 0.50, 8.00, 4.00, 12.00, NOW()),
    ('Cheese', 'Cheddar Cheese 200g', 'Dairy', 4.00, 0.20, 10.00, 5.00, 5.00, NOW()),
    ('Butter', 'Salted Butter 250g', 'Dairy', 3.75, 0.25, 12.00, 6.00, 4.00, NOW()),
    ('Eggs', 'Dozen Large Eggs', 'Poultry', 2.00, 0.75, 15.00, 10.00, 4.00, NOW()),
    ('Juice', 'Orange Juice 1L', 'Beverage', 3.25, 1.00, 10.00, 5.00, 15.00, NOW()),
    ('Rice', 'White Rice 1kg', 'Grain', 4.50, 1.00, 15.00, 5.00, 10.00, NOW()),
    ('Chicken', 'Whole Chicken 1kg', 'Poultry', 5.50, 1.00, 20.00, 8.00, 10.00, NOW()),
    ('Yogurt', 'Greek Yogurt 500g', 'Dairy', 6.00, 0.50, 10.00, 5.00, 12.00, NOW()),
    ('Pasta', 'Penne Pasta 500g', 'Grain', 3.00, 0.50, 10.00, 6.00, 5.00, NOW()),
    ('Ice Cream', 'Vanilla Ice Cream 1L', 'Dessert', 7.50, 1.00, 12.00, 6.00, 10.00, NOW()),
    ('Sugar', 'Granulated Sugar 1kg', 'Sweeteners', 2.75, 1.00, 10.00, 5.00, 5.00, NOW()),
    ('Honey', 'Pure Honey 500g', 'Sweeteners', 8.00, 0.50, 10.00, 5.00, 5.00, NOW()),
    ('Tea', 'Green Tea 250g', 'Beverage', 5.00, 0.25, 8.00, 4.00, 10.00, NOW()),
    ('Coffee', 'Instant Coffee 200g', 'Beverage', 6.25, 0.20, 5.00, 5.00, 4.00, NOW()),
    ('Cereal', 'Oat Cereal 500g', 'Breakfast', 4.50, 0.50, 10.00, 5.00, 8.00, NOW()),
    ('Peanut Butter', 'Crunchy Peanut Butter 350g', 'Spread', 3.00, 0.35, 7.00, 5.00, 6.00, NOW()),
    ('Jam', 'Strawberry Jam 500g', 'Spread', 2.75, 0.50, 6.00, 4.00, 5.00, NOW()),
    ('Olive Oil', 'Extra Virgin Olive Oil 500ml', 'Oil', 10.00, 0.50, 6.00, 4.00, 12.00, NOW()),
    ('Vinegar', 'Balsamic Vinegar 250ml', 'Condiment', 5.50, 0.25, 5.00, 3.00, 8.00, NOW()),
    ('Spaghetti', 'Whole Wheat Spaghetti 500g', 'Pasta', 2.80, 0.50, 12.00, 5.00, 8.00, NOW()),
    ('Tuna', 'Canned Tuna 200g', 'Canned Goods', 3.25, 0.20, 8.00, 4.00, 5.00, NOW()),
    ('Beans', 'Canned Baked Beans 400g', 'Canned Goods', 2.00, 0.40, 6.00, 5.00, 5.00, NOW()),
    ('Soup', 'Tomato Soup 500ml', 'Canned Goods', 3.75, 0.50, 10.00, 6.00, 10.00, NOW()),
    ('Noodles', 'Instant Noodles 5-Pack', 'Snacks', 4.00, 0.25, 8.00, 5.00, 12.00, NOW()),
    ('Chips', 'Potato Chips 150g', 'Snacks', 3.00, 0.15, 7.00, 5.00, 5.00, NOW()),
    ('Chocolate', 'Milk Chocolate Bar 100g', 'Snacks', 2.50, 0.10, 8.00, 4.00, 1.00, NOW()),
    ('Cookies', 'Oatmeal Cookies 250g', 'Snacks', 3.50, 0.25, 10.00, 6.00, 8.00, NOW()),
    ('Water', 'Mineral Water 1.5L', 'Beverage', 1.00, 1.50, 10.00, 5.00, 25.00, NOW()),
    ('Soda', 'Cola 1.5L', 'Beverage', 2.00, 1.50, 10.00, 5.00, 25.00, NOW()),
    ('Juice', 'Apple Juice 1L', 'Beverage', 3.00, 1.00, 10.00, 5.00, 15.00, NOW()),
    ('Wine', 'Red Wine 750ml', 'Beverage', 15.00, 0.75, 8.00, 4.00, 30.00, NOW()),
    ('Beer', 'Pale Lager 500ml', 'Beverage', 2.50, 0.50, 6.00, 3.00, 10.00, NOW()),
    ('Whiskey', 'Blended Whiskey 700ml', 'Spirits', 25.00, 0.70, 7.00, 4.00, 30.00, NOW()),
    ('Gin', 'London Dry Gin 700ml', 'Spirits', 20.00, 0.70, 7.00, 4.00, 30.00, NOW()),
    ('Vodka', 'Classic Vodka 700ml', 'Spirits', 18.00, 0.70, 7.00, 4.00, 30.00, NOW()),
    ('Rum', 'White Rum 700ml', 'Spirits', 22.00, 0.70, 7.00, 4.00, 30.00, NOW()),
    ('Brandy', 'French Brandy 750ml', 'Spirits', 30.00, 0.75, 8.00, 4.00, 30.00, NOW()),
    ('Energy Drink', 'Energy Drink 500ml', 'Beverage', 3.50, 0.50, 6.00, 3.00, 12.00, NOW()),
    ('Sports Drink', 'Electrolyte Sports Drink 1L', 'Beverage', 4.00, 1.00, 8.00, 4.00, 15.00, NOW()),
    ('Milk Powder', 'Skim Milk Powder 1kg', 'Dairy', 10.50, 1.00, 10.00, 5.00, 20.00, NOW()),
    ('Cocoa Powder', 'Cocoa Powder 500g', 'Snacks', 8.00, 0.50, 8.00, 5.00, 8.00, NOW()),
    ('Flour', 'All-Purpose Flour 1kg', 'Baking', 2.75, 1.00, 10.00, 5.00, 12.00, NOW()),
    ('Yeast', 'Active Dry Yeast 100g', 'Baking', 1.50, 0.10, 5.00, 3.00, 1.00, NOW()),
    ('Butter', 'Unsalted Butter 250g', 'Dairy', 4.00, 0.25, 12.00, 6.00, 4.00, NOW()),
    ('Margarine', 'Vegetable Margarine 500g', 'Spread', 2.50, 0.50, 10.00, 5.00, 6.00, NOW()),
    ('Tortilla', 'Whole Wheat Tortilla 10-Pack', 'Bread', 3.75, 0.30, 10.00, 10.00, 5.00, NOW()),
    ('Crackers', 'Saltine Crackers 200g', 'Snacks', 2.00, 0.20, 8.00, 5.00, 5.00, NOW()),
    ('Peas', 'Frozen Green Peas 1kg', 'Frozen', 3.50, 1.00, 10.00, 5.00, 15.00, NOW()),
    ('Carrots', 'Baby Carrots 500g', 'Vegetables', 2.50, 0.50, 10.00, 5.00, 8.00, NOW()),
    ('Broccoli', 'Fresh Broccoli 500g', 'Vegetables', 3.75, 0.50, 12.00, 6.00, 10.00, NOW()),
    ('Spinach', 'Frozen Spinach 500g', 'Frozen', 2.75, 0.50, 10.00, 5.00, 8.00, NOW()),
    ('Corn', 'Sweet Corn 500g', 'Frozen', 3.25, 0.50, 10.00, 5.00, 8.00, NOW()),
    ('Fries', 'French Fries 1kg', 'Frozen', 4.00, 1.00, 12.00, 5.00, 15.00, NOW()),
    ('Pizza', 'Frozen Pizza Margherita', 'Frozen', 8.00, 0.75, 30.00, 20.00, 5.00, NOW()),
    ('Fish', 'Frozen Salmon Fillet 1kg', 'Frozen', 12.50, 1.00, 30.00, 15.00, 8.00, NOW()),
    ('Prawns', 'Frozen Prawns 1kg', 'Frozen', 15.00, 1.00, 20.00, 10.00, 8.00, NOW()),
    ('Ice Cream', 'Chocolate Ice Cream 1L', 'Dessert', 7.50, 1.00, 12.00, 6.00, 10.00, NOW()),
    ('Ketchup', 'Tomato Ketchup 500ml', 'Condiment', 3.25, 0.50, 6.00, 3.00, 10.00, NOW()),
    ('Mustard', 'Yellow Mustard 500ml', 'Condiment', 2.75, 0.50, 6.00, 3.00, 10.00, NOW()),
    ('Mayonnaise', 'Light Mayonnaise 500ml', 'Condiment', 3.50, 0.50, 6.00, 3.00, 10.00, NOW()),
    ('Hot Sauce', 'Chili Hot Sauce 250ml', 'Condiment', 4.00, 0.25, 5.00, 3.00, 8.00, NOW()),
    ('BBQ Sauce', 'Smoky BBQ Sauce 500ml', 'Condiment', 5.00, 0.50, 6.00, 4.00, 10.00, NOW()),
    ('Soy Sauce', 'Soy Sauce 1L', 'Condiment', 6.00, 1.00, 8.00, 5.00, 12.00, NOW()),
    ('Fish Sauce', 'Fish Sauce 250ml', 'Condiment', 3.75, 0.25, 5.00, 3.00, 8.00, NOW()),
    ('Coconut Oil', 'Coconut Oil 500ml', 'Oil', 8.50, 0.50, 6.00, 3.00, 15.00, NOW()),
    ('Almond Butter', 'Almond Butter 300g', 'Spread', 10.00, 0.30, 7.00, 4.00, 5.00, NOW()),
    ('Cashew Butter', 'Cashew Butter 350g', 'Spread', 9.00, 0.35, 7.00, 4.00, 5.00, NOW()),
    ('Raisins', 'Dried Raisins 500g', 'Snacks', 5.50, 0.50, 8.00, 5.00, 8.00, NOW()),
    ('Almonds', 'Raw Almonds 500g', 'Snacks', 8.00, 0.50, 8.00, 5.00, 10.00, NOW()),
    ('Cashews', 'Raw Cashews 500g', 'Snacks', 9.50, 0.50, 8.00, 5.00, 10.00, NOW()),
    ('Peanuts', 'Roasted Peanuts 500g', 'Snacks', 3.50, 0.50, 8.00, 5.00, 10.00, NOW()),
    ('Coconut Milk', 'Coconut Milk 400ml', 'Dairy Alternative', 2.50, 0.40, 6.00, 4.00, 10.00, NOW()),
    ('Oat Milk', 'Oat Milk 1L', 'Dairy Alternative', 4.00, 1.00, 10.00, 5.00, 15.00, NOW()),
    ('Almond Milk', 'Almond Milk 1L', 'Dairy Alternative', 5.00, 1.00, 10.00, 5.00, 15.00, NOW()),
    ('Soy Milk', 'Soy Milk 1L', 'Dairy Alternative', 3.50, 1.00, 10.00, 5.00, 15.00, NOW()),
    ('Rice Cakes', 'Brown Rice Cakes 200g', 'Snacks', 2.75, 0.20, 8.00, 5.00, 5.00, NOW()),
    ('Cereal Bars', 'Mixed Fruit Cereal Bars 250g', 'Snacks', 4.00, 0.25, 8.00, 5.00, 5.00, NOW()),
    ('Granola', 'Granola with Nuts 500g', 'Breakfast', 5.50, 0.50, 8.00, 5.00, 8.00, NOW()),
    ('Popcorn', 'Butter Popcorn 100g', 'Snacks', 1.50, 0.10, 7.00, 5.00, 4.00, NOW()),
    ('Pretzels', 'Salted Pretzels 200g', 'Snacks', 2.00, 0.20, 8.00, 5.00, 4.00, NOW()),
    ('Bacon', 'Smoked Bacon 500g', 'Meat', 7.00, 0.50, 15.00, 5.00, 8.00, NOW()),
    ('Ham', 'Honey Ham 500g', 'Meat', 6.00, 0.50, 15.00, 5.00, 8.00, NOW()),
    ('Sausage', 'Pork Sausage 500g', 'Meat', 5.50, 0.50, 12.00, 4.00, 8.00, NOW()),
    ('Beef', 'Ground Beef 1kg', 'Meat', 10.00, 1.00, 20.00, 10.00, 10.00, NOW()),
    ('Apple Juice', 'Fresh Apple Juice 1L', 'Beverage', 4.00, 1.00, 10.00, 10.00, 15.00, NOW()),
    ('Tomato Soup', 'Canned Tomato Soup 400g', 'Canned Goods', 2.50, 0.40, 8.00, 5.00, 12.00, NOW()),
    ('Rice', 'Long Grain Rice 1kg', 'Grains', 3.00, 1.00, 10.00, 5.00, 15.00, NOW()),
    ('Lentils', 'Dry Red Lentils 500g', 'Grains', 2.75, 0.50, 10.00, 5.00, 8.00, NOW()),
    ('Peanut Butter', 'Creamy Peanut Butter 500g', 'Spread', 4.50, 0.50, 10.00, 5.00, 8.00, NOW()),
    ('Jelly', 'Grape Jelly 500g', 'Spread', 3.25, 0.50, 10.00, 5.00, 8.00, NOW()),
    ('Biscuits', 'Digestive Biscuits 300g', 'Snacks', 2.00, 0.30, 8.00, 5.00, 5.00, NOW()),
    ('Chips', 'Salted Potato Chips 150g', 'Snacks', 1.50, 0.15, 8.00, 5.00, 3.00, NOW()),
    ('Yogurt', 'Greek Yogurt 500g', 'Dairy', 5.00, 0.50, 10.00, 5.00, 10.00, NOW()),
    ('Cheese', 'Cheddar Cheese 250g', 'Dairy', 6.00, 0.25, 8.00, 5.00, 5.00, NOW()),
    ('Butter', 'Salted Butter 250g', 'Dairy', 4.00, 0.25, 8.00, 5.00, 5.00, NOW()),
    ('Canned Tuna', 'Canned Tuna in Water 200g', 'Canned Goods', 3.00, 0.20, 8.00, 5.00, 8.00, NOW()),
    ('Chocolate', 'Dark Chocolate Bar 100g', 'Snacks', 2.50, 0.10, 7.00, 5.00, 3.00, NOW()),
    ('Noodles', 'Instant Noodles 100g', 'Grains', 1.00, 0.10, 8.00, 5.00, 5.00, NOW()),
    ('Pasta', 'Penne Pasta 500g', 'Grains', 3.50, 0.50, 10.00, 5.00, 15.00, NOW());

INSERT INTO Transfer (TransferID, FromWarehouse, ToWarehouse, ProductUPC, Quantity, TransferDate)
VALUES
    ('T001', 'W001', 'W002', 1, 50, '2023-01-15'),
    ('T002', 'W002', 'W003', 2, 30, '2023-02-10'),
    ('T003', 'W003', 'W004', 3, 20, '2023-03-18'),
    ('T004', 'W004', 'W005', 4, 60, '2023-04-25'),
    ('T005', 'W005', 'W006', 5, 70, '2023-05-30'),
    ('T006', 'W006', 'W007', 6, 15, '2023-06-15'),
    ('T007', 'W007', 'W008', 7, 40, '2023-07-05'),
    ('T008', 'W008', 'W009', 8, 80, '2023-08-10'),
    ('T009', 'W009', 'W010', 9, 25, '2023-09-20'),
    ('T010', 'W010', 'W001', 10, 35, '2023-10-02'),
    ('T011', 'W001', 'W003', 11, 90, '2023-01-20'),
    ('T012', 'W003', 'W005', 12, 55, '2023-02-25'),
    ('T013', 'W002', 'W004', 13, 60, '2023-03-10'),
    ('T014', 'W005', 'W006', 14, 25, '2023-04-05'),
    ('T015', 'W004', 'W007', 15, 75, '2023-05-12'),
    ('T016', 'W006', 'W008', 16, 50, '2023-06-19'),
    ('T017', 'W007', 'W009', 17, 45, '2023-07-14'),
    ('T018', 'W008', 'W001', 18, 35, '2023-08-23'),
    ('T019', 'W009', 'W002', 19, 80, '2023-09-30'),
    ('T020', 'W001', 'W010', 20, 90, '2023-10-15'),
    ('T021', 'W010', 'W003', 21, 60, '2023-01-30'),
    ('T022', 'W003', 'W004', 22, 25, '2023-02-12'),
    ('T023', 'W004', 'W005', 23, 45, '2023-03-25'),
    ('T024', 'W005', 'W006', 24, 55, '2023-04-11'),
    ('T025', 'W006', 'W007', 25, 15, '2023-05-10'),
    ('T026', 'W007', 'W008', 26, 50, '2023-06-02'),
    ('T027', 'W008', 'W009', 27, 35, '2023-07-05'),
    ('T028', 'W009', 'W010', 28, 80, '2023-08-12'),
    ('T029', 'W010', 'W001', 29, 90, '2023-09-15'),
    ('T030', 'W001', 'W002', 30, 100, '2023-10-20'),
    ('T031', 'W002', 'W004', 31, 20, '2023-01-22'),
    ('T032', 'W003', 'W005', 32, 55, '2023-02-17'),
    ('T033', 'W005', 'W006', 33, 75, '2023-03-15'),
    ('T034', 'W004', 'W008', 34, 60, '2023-04-18'),
    ('T035', 'W007', 'W009', 35, 50, '2023-05-12'),
    ('T036', 'W006', 'W010', 36, 35, '2023-06-17'),
    ('T037', 'W009', 'W001', 37, 80, '2023-07-25'),
    ('T038', 'W008', 'W002', 38, 70, '2023-08-10'),
    ('T039', 'W010', 'W003', 39, 25, '2023-09-12'),
    ('T040', 'W002', 'W004', 40, 40, '2023-10-30'),
    ('T041', 'W003', 'W005', 41, 30, '2023-01-30'),
    ('T042', 'W004', 'W006', 42, 15, '2023-02-20'),
    ('T043', 'W005', 'W007', 43, 55, '2023-03-19'),
    ('T044', 'W006', 'W008', 44, 75, '2023-04-27'),
    ('T045', 'W007', 'W009', 45, 85, '2023-05-12'),
    ('T046', 'W008', 'W001', 46, 25, '2023-06-16'),
    ('T047', 'W009', 'W002', 47, 95, '2023-07-24'),
    ('T048', 'W010', 'W003', 48, 35, '2023-08-20'),
    ('T049', 'W001', 'W005', 49, 40, '2023-09-05'),
    ('T050', 'W002', 'W006', 50, 45, '2023-10-01'),
    ('T051', 'W003', 'W007', 51, 25, '2023-01-12'),
    ('T052', 'W005', 'W008', 52, 55, '2023-02-19'),
    ('T053', 'W004', 'W009', 53, 35, '2023-03-21'),
    ('T054', 'W007', 'W001', 54, 60, '2023-04-15'),
    ('T055', 'W006', 'W002', 55, 85, '2023-05-14'),
    ('T056', 'W008', 'W003', 56, 40, '2023-06-10'),
    ('T057', 'W009', 'W004', 57, 100, '2023-07-22'),
    ('T058', 'W010', 'W005', 58, 90, '2023-08-11'),
    ('T059', 'W001', 'W006', 59, 15, '2023-09-15'),
    ('T060', 'W002', 'W007', 60, 45, '2023-10-30'),
    ('T061', 'W003', 'W008', 61, 65, '2023-01-22'),
    ('T062', 'W004', 'W009', 62, 30, '2023-02-15'),
    ('T063', 'W005', 'W010', 63, 25, '2023-03-10'),
    ('T064', 'W006', 'W001', 64, 55, '2023-04-12'),
    ('T065', 'W007', 'W002', 65, 90, '2023-05-18'),
    ('T066', 'W008', 'W003', 66, 40, '2023-06-14'),
    ('T067', 'W009', 'W004', 67, 80, '2023-07-05'),
    ('T068', 'W010', 'W005', 68, 75, '2023-08-27'),
    ('T069', 'W001', 'W006', 69, 35, '2023-09-15'),
    ('T070', 'W002', 'W007', 70, 85, '2023-10-20'),
    ('T071', 'W003', 'W008', 71, 45, '2023-01-12'),
    ('T072', 'W004', 'W009', 72, 25, '2023-02-27'),
    ('T073', 'W005', 'W010', 73, 35, '2023-03-10'),
    ('T074', 'W006', 'W001', 74, 50, '2023-04-17'),
    ('T075', 'W007', 'W002', 75, 70, '2023-05-22'),
    ('T076', 'W008', 'W003', 76, 25, '2023-06-30'),
    ('T077', 'W009', 'W004', 77, 90, '2023-07-24'),
    ('T078', 'W010', 'W005', 78, 85, '2023-08-12'),
    ('T079', 'W001', 'W006', 79, 15, '2023-09-14'),
    ('T080', 'W002', 'W007', 80, 55, '2023-10-10'),
    ('T081', 'W003', 'W008', 81, 30, '2023-01-22'),
    ('T082', 'W004', 'W009', 82, 65, '2023-02-19'),
    ('T083', 'W005', 'W010', 83, 25, '2023-03-27'),
    ('T084', 'W006', 'W001', 84, 50, '2023-04-25'),
    ('T085', 'W007', 'W002', 85, 40, '2023-05-05'),
    ('T086', 'W008', 'W003', 86, 80, '2023-06-22'),
    ('T087', 'W009', 'W004', 87, 90, '2023-07-10'),
    ('T088', 'W010', 'W005', 88, 60, '2023-08-16'),
    ('T089', 'W001', 'W006', 89, 30, '2023-09-19'),
    ('T090', 'W002', 'W007', 90, 100, '2023-10-01'),
    ('T091', 'W003', 'W008', 91, 65, '2023-01-27'),
    ('T092', 'W004', 'W009', 92, 45, '2023-02-25'),
    ('T093', 'W005', 'W010', 93, 50, '2023-03-14'),
    ('T094', 'W006', 'W001', 94, 15, '2023-04-30'),
    ('T095', 'W007', 'W002', 95, 85, '2023-05-12'),
    ('T096', 'W008', 'W003', 96, 40, '2023-06-10'),
    ('T097', 'W009', 'W004', 97, 75, '2023-07-15'),
    ('T098', 'W010', 'W005', 98, 90, '2023-08-25'),
    ('T099', 'W001', 'W006', 99, 100, '2023-09-27'),
    ('T100', 'W002', 'W007', 100, 50, '2023-10-05');

INSERT INTO Supplier (SupplierID, SupplierName, SupplierAddress, SupplierPhone, SupplierEmail)
VALUES
    ('SUP001', 'Fresh Farms', '123 Agriculture Blvd', '011-1234561', 'supplier001@gmail.com'),
    ('SUP002', 'Dairy Delights', '456 Milk St', '011-1234562', 'supplier002@gmail.com'),
    ('SUP003', 'Baked Goods Co.', '789 Bread Ln', '011-1234563', 'supplier003@gmail.com'),
    ('SUP004', 'Meat Masters', '321 Butcher Rd', '011-1234564', 'supplier004@gmail.com'),
    ('SUP005', 'Veggie Valley', '654 Green St', '011-1234565', 'supplier005@gmail.com'),
    ('SUP006', 'Fruitopia', '987 Orchard Ave', '011-1234566', 'supplier006@gmail.com'),
    ('SUP007', 'Ocean Seafood', '234 Fisherman Rd', '011-1234567', 'supplier007@gmail.com'),
    ('SUP008', 'Beverage Brothers', '345 Drink St', '011-1234568', 'supplier008@gmail.com'),
    ('SUP009', 'Spice World', '456 Spice Ln', '011-1234569', 'supplier009@gmail.com'),
    ('SUP010', 'Cereal Co.', '567 Breakfast Blvd', '011-1234570', 'supplier010@gmail.com'),
    ('SUP011', 'Pasta Planet', '678 Wheat St', '011-1234571', 'supplier011@gmail.com'),
    ('SUP012', 'Snack Supreme', '789 Snack Rd', '011-1234572', 'supplier012@gmail.com'),
    ('SUP013', 'Deli Delight', '891 Sandwich St', '011-1234573', 'supplier013@gmail.com'),
    ('SUP014', 'Frozen Foods Ltd.', '123 Cold Ln', '011-1234574', 'supplier014@gmail.com'),
    ('SUP015', 'Condiments & Co.', '234 Sauce Rd', '011-1234575', 'supplier015@gmail.com'),
    ('SUP016', 'Tropical Fruits', '345 Tropic St', '011-1234576', 'supplier016@gmail.com'),
    ('SUP017', 'Beverage Barn', '456 Beverage Rd', '011-1234577', 'supplier017@gmail.com'),
    ('SUP018', 'Organic Goods', '567 Green Way', '011-1234578', 'supplier018@gmail.com'),
    ('SUP019', 'Nutty Suppliers', '678 Nut Ln', '011-1234579', 'supplier019@gmail.com'),
    ('SUP020', 'Bakery Goods', '789 Pastry Ave', '011-1234580', 'supplier020@gmail.com'),
    ('SUP021', 'Sea Harvest', '891 Ocean Blvd', '011-1234581', 'supplier021@gmail.com'),
    ('SUP022', 'Grain Suppliers', '123 Wheat Rd', '011-1234582', 'supplier022@gmail.com'),
    ('SUP023', 'Honey Hive', '234 Bee St', '011-1234583', 'supplier023@gmail.com'),
    ('SUP024', 'Herbs & Spices', '345 Herb Ln', '011-1234584', 'supplier024@gmail.com'),
    ('SUP025', 'Sweet Treats Co.', '456 Candy Blvd', '011-1234585', 'supplier025@gmail.com'),
    ('SUP026', 'Juice Junction', '567 Fruit Rd', '011-1234586', 'supplier026@gmail.com'),
    ('SUP027', 'Dairy Direct', '678 Milk Blvd', '011-1234587', 'supplier027@gmail.com'),
    ('SUP028', 'Veggie Fresh', '789 Vegetable Ln', '011-1234588', 'supplier028@gmail.com'),
    ('SUP029', 'Bakery Bliss', '891 Bread Ave', '011-1234589', 'supplier029@gmail.com'),
    ('SUP030', 'Snack Stop', '123 Chips Rd', '011-1234590', 'supplier030@gmail.com'),
    ('SUP031', 'Protein Partners', '234 Meat St', '011-1234591', 'supplier031@gmail.com'),
    ('SUP032', 'Spice It Up', '345 Pepper Ln', '011-1234592', 'supplier032@gmail.com'),
    ('SUP033', 'Oil & Vinegar Co.', '456 Olive Blvd', '011-1234593', 'supplier033@gmail.com'),
    ('SUP034', 'Grain Greats', '567 Cereal Ln', '011-1234594', 'supplier034@gmail.com'),
    ('SUP035', 'NutriFresh', '678 Salad Ave', '011-1234595', 'supplier035@gmail.com'),
    ('SUP036', 'Sweet Syrups', '789 Sugar Rd', '011-1234596', 'supplier036@gmail.com'),
    ('SUP037', 'Frozen Wonders', '891 Cold St', '011-1234597', 'supplier037@gmail.com'),
    ('SUP038', 'Seafood Suppliers', '123 Fisherman Rd', '011-1234598', 'supplier038@gmail.com'),
    ('SUP039', 'Green Leaf Farms', '234 Veggie Way', '011-1234599', 'supplier039@gmail.com'),
    ('SUP040', 'Breakfast Best', '345 Oats St', '011-1234600', 'supplier040@gmail.com'),
    ('SUP041', 'Snack Factory', '456 Chips Ave', '011-1234601', 'supplier041@gmail.com'),
    ('SUP042', 'Fine Wines', '567 Vine St', '011-1234602', 'supplier042@gmail.com'),
    ('SUP043', 'Meat Emporium', '678 Beef Blvd', '011-1234603', 'supplier043@gmail.com'),
    ('SUP044', 'Dairy Dream', '789 Milk Ln', '011-1234604', 'supplier044@gmail.com'),
    ('SUP045', 'Veggie Delight', '891 Greens Ave', '011-1234605', 'supplier045@gmail.com'),
    ('SUP046', 'Fruit Kingdom', '123 Orchard Blvd', '011-1234606', 'supplier046@gmail.com'),
    ('SUP047', 'Frozen Foods Corp.', '234 Freezer St', '011-1234607', 'supplier047@gmail.com'),
    ('SUP048', 'Sweet Confections', '345 Sugar Ave', '011-1234608', 'supplier048@gmail.com'),
    ('SUP049', 'Beverage Nation', '456 Drink Ln', '011-1234609', 'supplier049@gmail.com'),
    ('SUP050', 'Dairy Fresh', '567 Farm St', '011-1234610', 'supplier050@gmail.com'),
    ('SUP051', 'Spicy Goods', '678 Spice Blvd', '011-1234611', 'supplier051@gmail.com'),
    ('SUP052', 'Snacktopia', '789 Crunch Ln', '011-1234612', 'supplier052@gmail.com'),
    ('SUP053', 'Seafood Supreme', '891 Bay Ave', '011-1234613', 'supplier053@gmail.com'),
    ('SUP054', 'Deli Deals', '123 Sandwich St', '011-1234614', 'supplier054@gmail.com'),
    ('SUP055', 'Grain Giants', '234 Wheat Ave', '011-1234615', 'supplier055@gmail.com'),
    ('SUP056', 'Herb & Spice Co.', '345 Herb St', '011-1234616', 'supplier056@gmail.com'),
    ('SUP057', 'Fresh Produce Ltd.', '456 Farm Rd', '011-1234617', 'supplier057@gmail.com'),
    ('SUP058', 'Frozen Delight', '567 Cold Blvd', '011-1234618', 'supplier058@gmail.com'),
    ('SUP059', 'Snack Attack', '678 Treat Ln', '011-1234619', 'supplier059@gmail.com'),
    ('SUP060', 'Protein Perfect', '789 Steak St', '011-1234620', 'supplier060@gmail.com'),
    ('SUP061', 'Fresh Farm Foods', '891 Agriculture Ave', '011-1234621', 'supplier061@gmail.com'),
    ('SUP062', 'Canned Goodies', '123 Tin Ln', '011-1234622', 'supplier062@gmail.com'),
    ('SUP063', 'Frozen Suppliers', '234 Ice St', '011-1234623', 'supplier063@gmail.com'),
    ('SUP064', 'Soda Supplies', '345 Fizz Blvd', '011-1234624', 'supplier064@gmail.com'),
    ('SUP065', 'Fruitful Foods', '456 Orchard Ln', '011-1234625', 'supplier065@gmail.com'),
    ('SUP066', 'Baked Bread Co.', '567 Pastry St', '011-1234626', 'supplier066@gmail.com'),
    ('SUP067', 'Tropical Produce', '678 Fruit St', '011-1234627', 'supplier067@gmail.com'),
    ('SUP068', 'Snack Solutions', '789 Chips Blvd', '011-1234628', 'supplier068@gmail.com'),
    ('SUP069', 'Grain Grocers', '891 Oats St', '011-1234629', 'supplier069@gmail.com'),
    ('SUP070', 'Condiment Corner', '123 Vinegar Ave', '011-1234630', 'supplier070@gmail.com'),
    ('SUP071', 'Nutty Suppliers', '234 Almond St', '011-1234631', 'supplier071@gmail.com'),
    ('SUP072', 'Meat Market', '345 Butcher Rd', '011-1234632', 'supplier072@gmail.com'),
    ('SUP073', 'Honey Producers', '456 Bee Blvd', '011-1234633', 'supplier073@gmail.com'),
    ('SUP074', 'Juice Suppliers', '567 Orange Ave', '011-1234634', 'supplier074@gmail.com'),
    ('SUP075', 'Fresh Dairy', '678 Milk Ln', '011-1234635', 'supplier075@gmail.com'),
    ('SUP076', 'Herb Haven', '789 Leaf Rd', '011-1234636', 'supplier076@gmail.com'),
    ('SUP077', 'Breakfast Bites', '891 Oats Ln', '011-1234637', 'supplier077@gmail.com'),
    ('SUP078', 'Spice Emporium', '123 Pepper Rd', '011-1234638', 'supplier078@gmail.com'),
    ('SUP079', 'Meat Marvel', '234 Beef Blvd', '011-1234639', 'supplier079@gmail.com'),
    ('SUP080', 'Frozen Feasts', '345 Cold Ave', '011-1234640', 'supplier080@gmail.com'),
    ('SUP081', 'Dairy Deals', '456 Farm Ln', '011-1234641', 'supplier081@gmail.com'),
    ('SUP082', 'Snack Success', '567 Chips Blvd', '011-1234642', 'supplier082@gmail.com'),
    ('SUP083', 'Seafood Saviors', '678 Bay St', '011-1234643', 'supplier083@gmail.com'),
    ('SUP084', 'Organic Farms', '789 Organic Rd', '011-1234644', 'supplier084@gmail.com'),
    ('SUP085', 'Juice Heaven', '891 Tropic Blvd', '011-1234645', 'supplier085@gmail.com'),
    ('SUP086', 'Meatworks', '123 Butcher Blvd', '011-1234646', 'supplier086@gmail.com'),
    ('SUP087', 'Spicy Sensations', '234 Pepper Ln', '011-1234647', 'supplier087@gmail.com'),
    ('SUP088', 'Fresh Juice Co.', '345 Orange Ave', '011-1234648', 'supplier088@gmail.com'),
    ('SUP089', 'Cereal Suppliers', '456 Oats Ln', '011-1234649', 'supplier089@gmail.com'),
    ('SUP090', 'Frozen Wonders', '567 Cold Rd', '011-1234650', 'supplier090@gmail.com'),
    ('SUP091', 'Bakery Bliss', '678 Pastry St', '011-1234651', 'supplier091@gmail.com'),
    ('SUP092', 'Snack Shack', '789 Crunch Ln', '011-1234652', 'supplier092@gmail.com'),
    ('SUP093', 'Cereal Kings', '891 Wheat Ave', '011-1234653', 'supplier093@gmail.com'),
    ('SUP094', 'Dairy Dreams', '123 Milk Rd', '011-1234654', 'supplier094@gmail.com'),
    ('SUP095', 'Spice Kings', '234 Spice St', '011-1234655', 'supplier095@gmail.com'),
    ('SUP096', 'Nutty Delights', '345 Nut Ln', '011-1234656', 'supplier096@gmail.com'),
    ('SUP097', 'Fruit Feast', '456 Orchard Rd', '011-1234657', 'supplier097@gmail.com'),
    ('SUP098', 'Frozen Foods Intl.', '567 Cold St', '011-1234658', 'supplier098@gmail.com'),
    ('SUP099', 'Fresh & Green', '678 Greens Blvd', '011-1234659', 'supplier099@gmail.com'),
    ('SUP100', 'Sweet Treats', '789 Candy Rd', '011-1234660', 'supplier100@gmail.com');

INSERT INTO Purchase (PurchaseID, PurchaseDate, ProductUPC, ItemQuantity, ItemPrice, SupplierID)
VALUES
    ('P001', '2023-01-15', 1, 50, 25.00, 'SUP001'),
    ('P002', '2023-02-10', 2, 30, 45.50, 'SUP002'),
    ('P003', '2023-03-18', 3, 20, 10.75, 'SUP003'),
    ('P004', '2023-04-25', 4, 60, 55.25, 'SUP004'),
    ('P005', '2023-05-30', 5, 70, 65.00, 'SUP005'),
    ('P006', '2023-06-15', 6, 15, 15.50, 'SUP006'),
    ('P007', '2023-07-05', 7, 40, 35.75, 'SUP007'),
    ('P008', '2023-08-10', 8, 80, 80.00, 'SUP008'),
    ('P009', '2023-09-20', 9, 25, 12.25, 'SUP009'),
    ('P010', '2023-10-02', 10, 35, 40.50, 'SUP010'),
    ('P011', '2023-01-20', 11, 90, 90.00, 'SUP011'),
    ('P012', '2023-02-25', 12, 55, 55.75, 'SUP012'),
    ('P013', '2023-03-10', 13, 60, 60.50, 'SUP013'),
    ('P014', '2023-04-05', 14, 25, 25.25, 'SUP014'),
    ('P015', '2023-05-12', 15, 75, 75.00, 'SUP015'),
    ('P016', '2023-06-19', 16, 50, 50.50, 'SUP016'),
    ('P017', '2023-07-14', 17, 45, 45.75, 'SUP017'),
    ('P018', '2023-08-23', 18, 35, 35.25, 'SUP018'),
    ('P019', '2023-09-30', 19, 80, 80.50, 'SUP019'),
    ('P020', '2023-10-15', 20, 90, 90.75, 'SUP020'),
    ('P021', '2023-01-30', 21, 60, 65.00, 'SUP021'),
    ('P022', '2023-02-12', 22, 25, 25.50, 'SUP022'),
    ('P023', '2023-03-25', 23, 45, 45.25, 'SUP023'),
    ('P024', '2023-04-11', 24, 55, 55.50, 'SUP024'),
    ('P025', '2023-05-10', 25, 15, 15.25, 'SUP025'),
    ('P026', '2023-06-02', 26, 50, 50.75, 'SUP026'),
    ('P027', '2023-07-05', 27, 35, 35.00, 'SUP027'),
    ('P028', '2023-08-12', 28, 80, 80.25, 'SUP028'),
    ('P029', '2023-09-15', 29, 90, 90.50, 'SUP029'),
    ('P030', '2023-10-20', 30, 100, 100.00, 'SUP030'),
    ('P031', '2023-01-22', 31, 20, 20.25, 'SUP031'),
    ('P032', '2023-02-17', 32, 55, 55.00, 'SUP032'),
    ('P033', '2023-03-15', 33, 75, 75.50, 'SUP033'),
    ('P034', '2023-04-18', 34, 60, 60.25, 'SUP034'),
    ('P035', '2023-05-12', 35, 50, 50.00, 'SUP035'),
    ('P036', '2023-06-17', 36, 35, 35.75, 'SUP036'),
    ('P037', '2023-07-25', 37, 80, 80.50, 'SUP037'),
    ('P038', '2023-08-10', 38, 70, 70.00, 'SUP038'),
    ('P039', '2023-09-12', 39, 25, 25.75, 'SUP039'),
    ('P040', '2023-10-30', 40, 40, 40.50, 'SUP040'),
    ('P041', '2023-01-30', 41, 30, 30.25, 'SUP041'),
    ('P042', '2023-02-20', 42, 15, 15.50, 'SUP042'),
    ('P043', '2023-03-19', 43, 55, 55.25, 'SUP043'),
    ('P044', '2023-04-27', 44, 75, 75.00, 'SUP044'),
    ('P045', '2023-05-12', 45, 85, 85.50, 'SUP045'),
    ('P046', '2023-06-16', 46, 25, 25.00, 'SUP046'),
    ('P047', '2023-07-24', 47, 95, 95.50, 'SUP047'),
    ('P048', '2023-08-20', 48, 35, 35.75, 'SUP048'),
    ('P049', '2023-09-05', 49, 40, 40.00, 'SUP049'),
    ('P050', '2023-10-01', 50, 45, 45.50, 'SUP050'),
    ('P051', '2023-01-12', 51, 25, 25.75, 'SUP051'),
    ('P052', '2023-02-19', 52, 55, 55.00, 'SUP052'),
    ('P053', '2023-03-21', 53, 35, 35.50, 'SUP053'),
    ('P054', '2023-04-15', 54, 60, 60.25, 'SUP054'),
    ('P055', '2023-05-14', 55, 85, 85.00, 'SUP055'),
    ('P056', '2023-06-10', 56, 40, 40.50, 'SUP056'),
    ('P057', '2023-07-22', 57, 100, 100.00, 'SUP057'),
    ('P058', '2023-08-11', 58, 90, 90.50, 'SUP058'),
    ('P059', '2023-09-15', 59, 15, 15.75, 'SUP059'),
    ('P060', '2023-10-30', 60, 45, 45.00, 'SUP060'),
    ('P061', '2023-01-22', 61, 65, 65.50, 'SUP061'),
    ('P062', '2023-02-15', 62, 30, 30.25, 'SUP062'),
    ('P063', '2023-03-10', 63, 25, 25.50, 'SUP063'),
    ('P064', '2023-04-12', 64, 55, 55.75, 'SUP064'),
    ('P065', '2023-05-18', 65, 90, 90.00, 'SUP065'),
    ('P066', '2023-06-14', 66, 40, 40.25, 'SUP066'),
    ('P067', '2023-07-05', 67, 80, 80.75, 'SUP067'),
    ('P068', '2023-08-27', 68, 75, 75.25, 'SUP068'),
    ('P069', '2023-09-15', 69, 35, 35.00, 'SUP069'),
    ('P070', '2023-10-20', 70, 85, 85.75, 'SUP070'),
    ('P071', '2023-01-12', 71, 45, 45.50, 'SUP071'),
    ('P072', '2023-02-27', 72, 25, 25.25, 'SUP072'),
    ('P073', '2023-03-10', 73, 35, 35.50, 'SUP073'),
    ('P074', '2023-04-17', 74, 50, 50.25, 'SUP074'),
    ('P075', '2023-05-22', 75, 70, 70.75, 'SUP075'),
    ('P076', '2023-06-30', 76, 25, 25.00, 'SUP076'),
    ('P077', '2023-07-24', 77, 90, 90.50, 'SUP077'),
    ('P078', '2023-08-12', 78, 85, 85.75, 'SUP078'),
    ('P079', '2023-09-14', 79, 15, 15.50, 'SUP079'),
    ('P080', '2023-10-10', 80, 55, 55.25, 'SUP080'),
    ('P081', '2023-01-22', 81, 30, 30.75, 'SUP081'),
    ('P082', '2023-02-19', 82, 65, 65.00, 'SUP082'),
    ('P083', '2023-03-27', 83, 25, 25.50, 'SUP083'),
    ('P084', '2023-04-25', 84, 50, 50.00, 'SUP084'),
    ('P085', '2023-05-05', 85, 40, 40.75, 'SUP085'),
    ('P086', '2023-06-22', 86, 80, 80.25, 'SUP086'),
    ('P087', '2023-07-10', 87, 90, 90.75, 'SUP087'),
    ('P088', '2023-08-16', 88, 60, 60.50, 'SUP088'),
    ('P089', '2023-09-19', 89, 30, 30.00, 'SUP089'),
    ('P090', '2023-10-01', 90, 100, 100.00, 'SUP090'),
    ('P091', '2023-01-27', 91, 65, 65.25, 'SUP091'),
    ('P092', '2023-02-25', 92, 45, 45.75, 'SUP092'),
    ('P093', '2023-03-14', 93, 50, 50.50, 'SUP093'),
    ('P094', '2023-04-30', 94, 15, 15.25, 'SUP094'),
    ('P095', '2023-05-12', 95, 85, 85.00, 'SUP095'),
    ('P096', '2023-06-10', 96, 40, 40.75, 'SUP096'),
    ('P097', '2023-07-15', 97, 75, 75.50, 'SUP097'),
    ('P098', '2023-08-25', 98, 90, 90.00, 'SUP098'),
    ('P099', '2023-09-27', 99, 100, 100.50, 'SUP099'),
    ('P100', '2023-10-05', 100, 50, 50.25, 'SUP100');

INSERT INTO Inventory (InventoryID, ProductUPC, Quantity, Price, SupplierID, RetailerID, WarehouseID, InventoryType, InventoryTime, remarks, receivedBy)
VALUES
    ('I001', 1, 50, 25.00, 'SUP001', NULL, 'W001', 'Warehouse', NOW(), 'Stock for warehouse', 'S001'),
    ('I002', 2, 30, 45.50, 'SUP002', 'R001', NULL, 'Retailer', NOW(), 'Stock for retailer', 'S002'),
    ('I003', 3, 20, 10.75, 'SUP003', NULL, 'W002', 'Warehouse', NOW(), 'Restocked warehouse', 'S003'),
    ('I004', 4, 60, 55.25, 'SUP004', 'R002', NULL, 'Retailer', NOW(), 'Stock for retailer', 'S004'),
    ('I005', 5, 70, 65.00, 'SUP005', NULL, 'W003', 'Warehouse', NOW(), 'Restocked warehouse', 'S005'),
    ('I006', 6, 15, 15.50, 'SUP006', 'R003', NULL, 'Retailer', NOW(), 'Stock for retailer', 'S006'),
    ('I007', 7, 40, 35.75, 'SUP007', NULL, 'W004', 'Warehouse', NOW(), 'Warehouse stock added', 'S007'),
    ('I008', 8, 80, 80.00, 'SUP008', 'R004', NULL, 'Retailer', NOW(), 'Delivered to retailer', 'S008'),
    ('I009', 9, 25, 12.25, 'SUP009', NULL, 'W005', 'Warehouse', NOW(), 'Warehouse stock replenished', 'S009'),
    ('I010', 10, 35, 40.50, 'SUP010', 'R005', NULL, 'Retailer', NOW(), 'Stock delivered to retailer', 'S010'),
    ('I011', 11, 90, 90.00, 'SUP011', NULL, 'W006', 'Warehouse', NOW(), 'Restocked warehouse', 'S011'),
    ('I012', 12, 55, 55.75, 'SUP012', 'R006', NULL, 'Retailer', NOW(), 'Retailer stock delivered', 'S012'),
    ('I013', 13, 60, 60.50, 'SUP013', NULL, 'W007', 'Warehouse', NOW(), 'Warehouse supply restocked', 'S013'),
    ('I014', 14, 25, 25.25, 'SUP014', 'R007', NULL, 'Retailer', NOW(), 'Sent to retailer', 'S014'),
    ('I015', 15, 75, 75.00, 'SUP015', NULL, 'W008', 'Warehouse', NOW(), 'Warehouse inventory added', 'S015'),
    ('I016', 16, 50, 50.50, 'SUP016', 'R008', NULL, 'Retailer', NOW(), 'Retailer inventory received', 'S016'),
    ('I017', 17, 45, 45.75, 'SUP017', NULL, 'W009', 'Warehouse', NOW(), 'Warehouse inventory replenished', 'S017'),
    ('I018', 18, 35, 35.25, 'SUP018', 'R009', NULL, 'Retailer', NOW(), 'Retail store inventory added', 'S018'),
    ('I019', 19, 80, 80.50, 'SUP019', NULL, 'W010', 'Warehouse', NOW(), 'Warehouse inventory updated', 'S019'),
    ('I020', 20, 90, 90.75, 'SUP020', 'R010', NULL, 'Retailer', NOW(), 'Retail store inventory updated', 'S020'),
    ('I021', 21, 60, 65.00, 'SUP021', NULL, 'W001', 'Warehouse', NOW(), 'Warehouse replenishment', 'S021'),
    ('I022', 22, 25, 25.50, 'SUP022', 'R001', NULL, 'Retailer', NOW(), 'Retailer stock delivered', 'S022'),
    ('I023', 23, 45, 45.25, 'SUP023', NULL, 'W002', 'Warehouse', NOW(), 'Warehouse inventory delivered', 'S023'),
    ('I024', 24, 55, 55.50, 'SUP024', 'R002', NULL, 'Retailer', NOW(), 'Retail store inventory delivered', 'S024'),
    ('I025', 25, 15, 15.25, 'SUP025', NULL, 'W003', 'Warehouse', NOW(), 'Warehouse stock added', 'S025'),
    ('I026', 26, 50, 50.75, 'SUP026', 'R003', NULL, 'Retailer', NOW(), 'Retailer stock updated', 'S026'),
    ('I027', 27, 35, 35.00, 'SUP027', NULL, 'W004', 'Warehouse', NOW(), 'Warehouse replenishment', 'S027'),
    ('I028', 28, 80, 80.25, 'SUP028', 'R004', NULL, 'Retailer', NOW(), 'Stock delivered to retailer', 'S028'),
    ('I029', 29, 90, 90.50, 'SUP029', NULL, 'W005', 'Warehouse', NOW(), 'Warehouse stock updated', 'S029'),
    ('I030', 30, 100, 100.00, 'SUP030', 'R005', NULL, 'Retailer', NOW(), 'Retail store inventory restocked', 'S030'),
    ('I031', 31, 20, 20.25, 'SUP031', NULL, 'W006', 'Warehouse', NOW(), 'Warehouse stock updated', 'S031'),
    ('I032', 32, 55, 55.00, 'SUP032', 'R006', NULL, 'Retailer', NOW(), 'Retail stock updated', 'S032'),
    ('I033', 33, 75, 75.50, 'SUP033', NULL, 'W007', 'Warehouse', NOW(), 'Warehouse stock added', 'S033'),
    ('I034', 34, 60, 60.25, 'SUP034', 'R007', NULL, 'Retailer', NOW(), 'Retail stock replenished', 'S034'),
    ('I035', 35, 50, 50.00, 'SUP035', NULL, 'W008', 'Warehouse', NOW(), 'Warehouse stock delivered', 'S035'),
    ('I036', 36, 35, 35.75, 'SUP036', 'R008', NULL, 'Retailer', NOW(), 'Retailer stock received', 'S036'),
    ('I037', 37, 80, 80.50, 'SUP037', NULL, 'W009', 'Warehouse', NOW(), 'Warehouse restocked', 'S037'),
    ('I038', 38, 70, 70.00, 'SUP038', 'R009', NULL, 'Retailer', NOW(), 'Retail inventory added', 'S038'),
    ('I039', 39, 25, 25.75, 'SUP039', NULL, 'W010', 'Warehouse', NOW(), 'Warehouse inventory added', 'S039'),
    ('I040', 40, 40, 40.50, 'SUP040', 'R010', NULL, 'Retailer', NOW(), 'Retail inventory received', 'S040'),
    ('I041', 41, 30, 30.25, 'SUP041', NULL, 'W001', 'Warehouse', NOW(), 'Warehouse stock replenished', 'S041'),
    ('I042', 42, 15, 15.50, 'SUP042', 'R001', NULL, 'Retailer', NOW(), 'Retail stock replenished', 'S042'),
    ('I043', 43, 55, 55.25, 'SUP043', NULL, 'W002', 'Warehouse', NOW(), 'Warehouse inventory restocked', 'S043'),
    ('I044', 44, 75, 75.00, 'SUP044', 'R002', NULL, 'Retailer', NOW(), 'Retail stock delivered', 'S044'),
    ('I045', 45, 85, 85.50, 'SUP045', NULL, 'W003', 'Warehouse', NOW(), 'Warehouse restocked', 'S045'),
    ('I046', 46, 25, 25.00, 'SUP046', 'R003', NULL, 'Retailer', NOW(), 'Retailer stock replenished', 'S046'),
    ('I047', 47, 95, 95.50, 'SUP047', NULL, 'W004', 'Warehouse', NOW(), 'Warehouse inventory added', 'S047'),
    ('I048', 48, 35, 35.75, 'SUP048', 'R004', NULL, 'Retailer', NOW(), 'Retail stock added', 'S048'),
    ('I049', 49, 40, 40.00, 'SUP049', NULL, 'W005', 'Warehouse', NOW(), 'Warehouse inventory added', 'S049'),
    ('I050', 50, 45, 45.50, 'SUP050', 'R005', NULL, 'Retailer', NOW(), 'Retail stock delivered', 'S050'),
    ('I051', 51, 25, 25.75, 'SUP051', NULL, 'W006', 'Warehouse', NOW(), 'Warehouse stock updated', 'S051'),
    ('I052', 52, 55, 55.00, 'SUP052', 'R006', NULL, 'Retailer', NOW(), 'Retail inventory added', 'S052'),
    ('I053', 53, 35, 35.50, 'SUP053', NULL, 'W007', 'Warehouse', NOW(), 'Warehouse stock replenished', 'S053'),
    ('I054', 54, 60, 60.25, 'SUP054', 'R007', NULL, 'Retailer', NOW(), 'Retail stock updated', 'S054'),
    ('I055', 55, 85, 85.00, 'SUP055', NULL, 'W008', 'Warehouse', NOW(), 'Warehouse inventory updated', 'S055'),
    ('I056', 56, 40, 40.50, 'SUP056', 'R008', NULL, 'Retailer', NOW(), 'Retail stock received', 'S056'),
    ('I057', 57, 100, 100.00, 'SUP057', NULL, 'W009', 'Warehouse', NOW(), 'Warehouse inventory updated', 'S057'),
    ('I058', 58, 90, 90.50, 'SUP058', 'R009', NULL, 'Retailer', NOW(), 'Retail stock replenished', 'S058'),
    ('I059', 59, 15, 15.75, 'SUP059', NULL, 'W010', 'Warehouse', NOW(), 'Warehouse stock added', 'S059'),
    ('I060', 60, 45, 45.00, 'SUP060', 'R010', NULL, 'Retailer', NOW(), 'Retail stock replenished', 'S060'),
    ('I061', 61, 65, 65.50, 'SUP061', NULL, 'W001', 'Warehouse', NOW(), 'Warehouse stock updated', 'S061'),
    ('I062', 62, 30, 30.25, 'SUP062', 'R001', NULL, 'Retailer', NOW(), 'Retail stock updated', 'S062'),
    ('I063', 63, 25, 25.50, 'SUP063', NULL, 'W002', 'Warehouse', NOW(), 'Warehouse replenishment', 'S063'),
    ('I064', 64, 55, 55.75, 'SUP064', 'R002', NULL, 'Retailer', NOW(), 'Retail stock delivered', 'S064'),
    ('I065', 65, 90, 90.00, 'SUP065', NULL, 'W003', 'Warehouse', NOW(), 'Warehouse stock updated', 'S065'),
    ('I066', 66, 40, 40.25, 'SUP066', 'R003', NULL, 'Retailer', NOW(), 'Retailer stock received', 'S066'),
    ('I067', 67, 80, 80.75, 'SUP067', NULL, 'W004', 'Warehouse', NOW(), 'Warehouse stock added', 'S067'),
    ('I068', 68, 75, 75.25, 'SUP068', 'R004', NULL, 'Retailer', NOW(), 'Retail stock replenished', 'S068'),
    ('I069', 69, 35, 35.00, 'SUP069', NULL, 'W005', 'Warehouse', NOW(), 'Warehouse inventory added', 'S069'),
    ('I070', 70, 85, 85.75, 'SUP070', 'R005', NULL, 'Retailer', NOW(), 'Retail stock delivered', 'S070'),
    ('I071', 71, 45, 45.50, 'SUP071', NULL, 'W006', 'Warehouse', NOW(), 'Warehouse stock replenished', 'S071'),
    ('I072', 72, 25, 25.25, 'SUP072', 'R006', NULL, 'Retailer', NOW(), 'Retail stock replenished', 'S072'),
    ('I073', 73, 35, 35.50, 'SUP073', NULL, 'W007', 'Warehouse', NOW(), 'Warehouse inventory restocked', 'S073'),
    ('I074', 74, 50, 50.25, 'SUP074', 'R007', NULL, 'Retailer', NOW(), 'Retail stock received', 'S074'),
    ('I075', 75, 70, 70.75, 'SUP075', NULL, 'W008', 'Warehouse', NOW(), 'Warehouse stock added', 'S075'),
    ('I076', 76, 25, 25.00, 'SUP076', 'R008', NULL, 'Retailer', NOW(), 'Retail stock delivered', 'S076'),
    ('I077', 77, 90, 90.50, 'SUP077', NULL, 'W009', 'Warehouse', NOW(), 'Warehouse stock updated', 'S077'),
    ('I078', 78, 85, 85.75, 'SUP078', 'R009', NULL, 'Retailer', NOW(), 'Retail inventory replenished', 'S078'),
    ('I079', 79, 15, 15.50, 'SUP079', NULL, 'W010', 'Warehouse', NOW(), 'Warehouse replenished', 'S079'),
    ('I080', 80, 55, 55.25, 'SUP080', 'R010', NULL, 'Retailer', NOW(), 'Retail stock updated', 'S080'),
    ('I081', 81, 30, 30.75, 'SUP081', NULL, 'W001', 'Warehouse', NOW(), 'Warehouse stock replenished', 'S081'),
    ('I082', 82, 65, 65.00, 'SUP082', 'R001', NULL, 'Retailer', NOW(), 'Retail stock replenished', 'S082'),
    ('I083', 83, 25, 25.50, 'SUP083', NULL, 'W002', 'Warehouse', NOW(), 'Warehouse stock replenished', 'S083'),
    ('I084', 84, 50, 50.00, 'SUP084', 'R002', NULL, 'Retailer', NOW(), 'Retail inventory added', 'S084'),
    ('I085', 85, 40, 40.75, 'SUP085', NULL, 'W003', 'Warehouse', NOW(), 'Warehouse inventory added', 'S085'),
    ('I086', 86, 80, 80.25, 'SUP086', 'R003', NULL, 'Retailer', NOW(), 'Retail stock updated', 'S086'),
    ('I087', 87, 90, 90.75, 'SUP087', NULL, 'W004', 'Warehouse', NOW(), 'Warehouse inventory updated', 'S087'),
    ('I088', 88, 60, 60.50, 'SUP088', 'R004', NULL, 'Retailer', NOW(), 'Retail stock replenished', 'S088'),
    ('I089', 89, 30, 30.00, 'SUP089', NULL, 'W005', 'Warehouse', NOW(), 'Warehouse stock replenished', 'S089'),
    ('I090', 90, 100, 100.00, 'SUP090', 'R005', NULL, 'Retailer', NOW(), 'Retail inventory restocked', 'S090'),
    ('I091', 91, 65, 65.25, 'SUP091', NULL, 'W006', 'Warehouse', NOW(), 'Warehouse stock updated', 'S091'),
    ('I092', 92, 45, 45.75, 'SUP092', 'R006', NULL, 'Retailer', NOW(), 'Retail inventory updated', 'S092'),
    ('I093', 93, 50, 50.50, 'SUP093', NULL, 'W007', 'Warehouse', NOW(), 'Warehouse stock added', 'S093'),
    ('I094', 94, 15, 15.25, 'SUP094', 'R007', NULL, 'Retailer', NOW(), 'Retail stock added', 'S094'),
    ('I095', 95, 85, 85.00, 'SUP095', NULL, 'W008', 'Warehouse', NOW(), 'Warehouse stock replenished', 'S095'),
    ('I096', 96, 40, 40.75, 'SUP096', 'R008', NULL, 'Retailer', NOW(), 'Retail inventory replenished', 'S096'),
    ('I097', 97, 75, 75.50, 'SUP097', NULL, 'W009', 'Warehouse', NOW(), 'Warehouse stock added', 'S097'),
    ('I098', 98, 90, 90.00, 'SUP098', 'R009', NULL, 'Retailer', NOW(), 'Retail inventory updated', 'S098'),
    ('I099', 99, 100, 100.50, 'SUP099', NULL, 'W010', 'Warehouse', NOW(), 'Warehouse stock replenished', 'S099'),
    ('I100', 100, 50, 50.25, 'SUP100', 'R010', NULL, 'Retailer', NOW(), 'Retail stock replenished', 'S100');

INSERT INTO Storage (StorageID, RetailerID, ProductUPC, WarehouseID, Quantity)
VALUES
    ('STG001', 'R001', 1, NULL, 50),
    ('STG002', NULL, 2, 'W001', 30),
    ('STG003', 'R002', 3, NULL, 20),
    ('STG004', NULL, 4, 'W002', 60),
    ('STG005', 'R003', 5, NULL, 70),
    ('STG006', NULL, 6, 'W003', 15),
    ('STG007', 'R004', 7, NULL, 40),
    ('STG008', NULL, 8, 'W004', 80),
    ('STG009', 'R005', 9, NULL, 25),
    ('STG010', NULL, 10, 'W005', 35),
    ('STG011', 'R006', 11, NULL, 90),
    ('STG012', NULL, 12, 'W006', 55),
    ('STG013', 'R007', 13, NULL, 60),
    ('STG014', NULL, 14, 'W007', 25),
    ('STG015', 'R008', 15, NULL, 75),
    ('STG016', NULL, 16, 'W008', 50),
    ('STG017', 'R009', 17, NULL, 45),
    ('STG018', NULL, 18, 'W009', 35),
    ('STG019', 'R010', 19, NULL, 80),
    ('STG020', NULL, 20, 'W010', 90),
    ('STG021', 'R001', 21, NULL, 60),
    ('STG022', NULL, 22, 'W001', 25),
    ('STG023', 'R002', 23, NULL, 45),
    ('STG024', NULL, 24, 'W002', 55),
    ('STG025', 'R003', 25, NULL, 15),
    ('STG026', NULL, 26, 'W003', 50),
    ('STG027', 'R004', 27, NULL, 35),
    ('STG028', NULL, 28, 'W004', 80),
    ('STG029', 'R005', 29, NULL, 90),
    ('STG030', NULL, 30, 'W005', 100),
    ('STG031', 'R006', 31, NULL, 20),
    ('STG032', NULL, 32, 'W006', 55),
    ('STG033', 'R007', 33, NULL, 75),
    ('STG034', NULL, 34, 'W007', 60),
    ('STG035', 'R008', 35, NULL, 50),
    ('STG036', NULL, 36, 'W008', 35),
    ('STG037', 'R009', 37, NULL, 80),
    ('STG038', NULL, 38, 'W009', 70),
    ('STG039', 'R010', 39, NULL, 25),
    ('STG040', NULL, 40, 'W010', 40),
    ('STG041', 'R001', 41, NULL, 30),
    ('STG042', NULL, 42, 'W001', 15),
    ('STG043', 'R002', 43, NULL, 55),
    ('STG044', NULL, 44, 'W002', 75),
    ('STG045', 'R003', 45, NULL, 85),
    ('STG046', NULL, 46, 'W003', 25),
    ('STG047', 'R004', 47, NULL, 95),
    ('STG048', NULL, 48, 'W004', 35),
    ('STG049', 'R005', 49, NULL, 40),
    ('STG050', NULL, 50, 'W005', 45),
    ('STG051', 'R006', 51, NULL, 25),
    ('STG052', NULL, 52, 'W006', 55),
    ('STG053', 'R007', 53, NULL, 35),
    ('STG054', NULL, 54, 'W007', 60),
    ('STG055', 'R008', 55, NULL, 85),
    ('STG056', NULL, 56, 'W008', 40),
    ('STG057', 'R009', 57, NULL, 100),
    ('STG058', NULL, 58, 'W009', 90),
    ('STG059', 'R010', 59, NULL, 15),
    ('STG060', NULL, 60, 'W010', 45),
    ('STG061', 'R001', 61, NULL, 65),
    ('STG062', NULL, 62, 'W001', 30),
    ('STG063', 'R002', 63, NULL, 25),
    ('STG064', NULL, 64, 'W002', 55),
    ('STG065', 'R003', 65, NULL, 90),
    ('STG066', NULL, 66, 'W003', 40),
    ('STG067', 'R004', 67, NULL, 80),
    ('STG068', NULL, 68, 'W004', 75),
    ('STG069', 'R005', 69, NULL, 35),
    ('STG070', NULL, 70, 'W005', 85),
    ('STG071', 'R006', 71, NULL, 45),
    ('STG072', NULL, 72, 'W006', 25),
    ('STG073', 'R007', 73, NULL, 35),
    ('STG074', NULL, 74, 'W007', 50),
    ('STG075', 'R008', 75, NULL, 70),
    ('STG076', NULL, 76, 'W008', 25),
    ('STG077', 'R009', 77, NULL, 90),
    ('STG078', NULL, 78, 'W009', 85),
    ('STG079', 'R010', 79, NULL, 15),
    ('STG080', NULL, 80, 'W010', 55),
    ('STG081', 'R001', 81, NULL, 30),
    ('STG082', NULL, 82, 'W001', 65),
    ('STG083', 'R002', 83, NULL, 25),
    ('STG084', NULL, 84, 'W002', 50),
    ('STG085', 'R003', 85, NULL, 40),
    ('STG086', NULL, 86, 'W003', 80),
    ('STG087', 'R004', 87, NULL, 90),
    ('STG088', NULL, 88, 'W004', 60),
    ('STG089', 'R005', 89, NULL, 30),
    ('STG090', NULL, 90, 'W005', 100),
    ('STG091', 'R006', 91, NULL, 65),
    ('STG092', NULL, 92, 'W006', 45),
    ('STG093', 'R007', 93, NULL, 50),
    ('STG094', NULL, 94, 'W007', 15),
    ('STG095', 'R008', 95, NULL, 85),
    ('STG096', NULL, 96, 'W008', 40),
    ('STG097', 'R009', 97, NULL, 75),
    ('STG098', NULL, 98, 'W009', 90),
    ('STG099', 'R010', 99, NULL, 100),
    ('STG100', NULL, 100, 'W010', 50);

INSERT INTO StockRequest (RequestID, ProductUPC, Quantity, requestedBy, warehouseID, requestDate)
VALUES
    ('REQ001', 1, 50, 'S001', 'W001', '2023-01-15'),
    ('REQ002', 2, 30, 'S002', 'W002', '2023-02-10'),
    ('REQ003', 3, 20, 'S003', 'W003', '2023-03-18'),
    ('REQ004', 4, 60, 'S004', 'W004', '2023-04-25'),
    ('REQ005', 5, 70, 'S005', 'W005', '2023-05-30'),
    ('REQ006', 6, 15, 'S006', 'W006', '2023-06-15'),
    ('REQ007', 7, 40, 'S007', 'W007', '2023-07-05'),
    ('REQ008', 8, 80, 'S008', 'W008', '2023-08-10'),
    ('REQ009', 9, 25, 'S009', 'W009', '2023-09-20'),
    ('REQ010', 10, 35, 'S010', 'W010', '2023-10-02'),
    ('REQ011', 11, 90, 'S011', 'W001', '2023-01-20'),
    ('REQ012', 12, 55, 'S012', 'W002', '2023-02-25'),
    ('REQ013', 13, 60, 'S013', 'W003', '2023-03-10'),
    ('REQ014', 14, 25, 'S014', 'W004', '2023-04-05'),
    ('REQ015', 15, 75, 'S015', 'W005', '2023-05-12'),
    ('REQ016', 16, 50, 'S016', 'W006', '2023-06-19'),
    ('REQ017', 17, 45, 'S017', 'W007', '2023-07-14'),
    ('REQ018', 18, 35, 'S018', 'W008', '2023-08-23'),
    ('REQ019', 19, 80, 'S019', 'W009', '2023-09-30'),
    ('REQ020', 20, 90, 'S020', 'W010', '2023-10-15'),
    ('REQ021', 21, 60, 'S021', 'W001', '2023-01-30'),
    ('REQ022', 22, 25, 'S022', 'W002', '2023-02-12'),
    ('REQ023', 23, 45, 'S023', 'W003', '2023-03-25'),
    ('REQ024', 24, 55, 'S024', 'W004', '2023-04-11'),
    ('REQ025', 25, 15, 'S025', 'W005', '2023-05-10'),
    ('REQ026', 26, 50, 'S026', 'W006', '2023-06-02'),
    ('REQ027', 27, 35, 'S027', 'W007', '2023-07-05'),
    ('REQ028', 28, 80, 'S028', 'W008', '2023-08-12'),
    ('REQ029', 29, 90, 'S029', 'W009', '2023-09-15'),
    ('REQ030', 30, 100, 'S030', 'W010', '2023-10-20'),
    ('REQ031', 31, 20, 'S031', 'W001', '2023-01-22'),
    ('REQ032', 32, 55, 'S032', 'W002', '2023-02-17'),
    ('REQ033', 33, 75, 'S033', 'W003', '2023-03-15'),
    ('REQ034', 34, 60, 'S034', 'W004', '2023-04-18'),
    ('REQ035', 35, 50, 'S035', 'W005', '2023-05-12'),
    ('REQ036', 36, 35, 'S036', 'W006', '2023-06-17'),
    ('REQ037', 37, 80, 'S037', 'W007', '2023-07-25'),
    ('REQ038', 38, 70, 'S038', 'W008', '2023-08-10'),
    ('REQ039', 39, 25, 'S039', 'W009', '2023-09-12'),
    ('REQ040', 40, 40, 'S040', 'W010', '2023-10-30'),
    ('REQ041', 41, 30, 'S041', 'W001', '2023-01-30'),
    ('REQ042', 42, 15, 'S042', 'W002', '2023-02-20'),
    ('REQ043', 43, 55, 'S043', 'W003', '2023-03-19'),
    ('REQ044', 44, 75, 'S044', 'W004', '2023-04-27'),
    ('REQ045', 45, 85, 'S045', 'W005', '2023-05-12'),
    ('REQ046', 46, 25, 'S046', 'W006', '2023-06-16'),
    ('REQ047', 47, 95, 'S047', 'W007', '2023-07-24'),
    ('REQ048', 48, 35, 'S048', 'W008', '2023-08-20'),
    ('REQ049', 49, 40, 'S049', 'W009', '2023-09-05'),
    ('REQ050', 50, 45, 'S050', 'W010', '2023-10-01'),
    ('REQ051', 51, 25, 'S051', 'W001', '2023-01-12'),
    ('REQ052', 52, 55, 'S052', 'W002', '2023-02-19'),
    ('REQ053', 53, 35, 'S053', 'W003', '2023-03-21'),
    ('REQ054', 54, 60, 'S054', 'W004', '2023-04-15'),
    ('REQ055', 55, 85, 'S055', 'W005', '2023-05-14'),
    ('REQ056', 56, 40, 'S056', 'W006', '2023-06-10'),
    ('REQ057', 57, 100, 'S057', 'W007', '2023-07-22'),
    ('REQ058', 58, 90, 'S058', 'W008', '2023-08-11'),
    ('REQ059', 59, 15, 'S059', 'W009', '2023-09-15'),
    ('REQ060', 60, 45, 'S060', 'W010', '2023-10-30'),
    ('REQ061', 61, 65, 'S061', 'W001', '2023-01-22'),
    ('REQ062', 62, 30, 'S062', 'W002', '2023-02-15'),
    ('REQ063', 63, 25, 'S063', 'W003', '2023-03-10'),
    ('REQ064', 64, 55, 'S064', 'W004', '2023-04-12'),
    ('REQ065', 65, 90, 'S065', 'W005', '2023-05-18'),
    ('REQ066', 66, 40, 'S066', 'W006', '2023-06-14'),
    ('REQ067', 67, 80, 'S067', 'W007', '2023-07-05'),
    ('REQ068', 68, 75, 'S068', 'W008', '2023-08-27'),
    ('REQ069', 69, 35, 'S069', 'W009', '2023-09-15'),
    ('REQ070', 70, 85, 'S070', 'W010', '2023-10-20'),
    ('REQ071', 71, 45, 'S071', 'W001', '2023-01-12'),
    ('REQ072', 72, 25, 'S072', 'W002', '2023-02-27'),
    ('REQ073', 73, 35, 'S073', 'W003', '2023-03-10'),
    ('REQ074', 74, 50, 'S074', 'W004', '2023-04-17'),
    ('REQ075', 75, 70, 'S075', 'W005', '2023-05-22'),
    ('REQ076', 76, 25, 'S076', 'W006', '2023-06-30'),
    ('REQ077', 77, 90, 'S077', 'W007', '2023-07-24'),
    ('REQ078', 78, 85, 'S078', 'W008', '2023-08-12'),
    ('REQ079', 79, 15, 'S079', 'W009', '2023-09-14'),
    ('REQ080', 80, 55, 'S080', 'W010', '2023-10-10'),
    ('REQ081', 81, 30, 'S081', 'W001', '2023-01-22'),
    ('REQ082', 82, 65, 'S082', 'W002', '2023-02-19'),
    ('REQ083', 83, 25, 'S083', 'W003', '2023-03-27'),
    ('REQ084', 84, 50, 'S084', 'W004', '2023-04-25'),
    ('REQ085', 85, 40, 'S085', 'W005', '2023-05-05'),
    ('REQ086', 86, 80, 'S086', 'W006', '2023-06-22'),
    ('REQ087', 87, 90, 'S087', 'W007', '2023-07-10'),
    ('REQ088', 88, 60, 'S088', 'W008', '2023-08-16'),
    ('REQ089', 89, 30, 'S089', 'W009', '2023-09-19'),
    ('REQ090', 90, 100, 'S090', 'W010', '2023-10-01'),
    ('REQ091', 91, 65, 'S091', 'W001', '2023-01-27'),
    ('REQ092', 92, 45, 'S092', 'W002', '2023-02-25'),
    ('REQ093', 93, 50, 'S093', 'W003', '2023-03-14'),
    ('REQ094', 94, 15, 'S094', 'W004', '2023-04-30'),
    ('REQ095', 95, 85, 'S095', 'W005', '2023-05-12'),
    ('REQ096', 96, 40, 'S096', 'W006', '2023-06-10'),
    ('REQ097', 97, 75, 'S097', 'W007', '2023-07-15'),
    ('REQ098', 98, 90, 'S098', 'W008', '2023-08-25'),
    ('REQ099', 99, 100, 'S099', 'W009', '2023-09-27'),
    ('REQ100', 100, 50, 'S100', 'W010', '2023-10-05');
